ISWC;workId;title;creators;source;date
;12.329.561;HOLD ON SUB FOCUS REMIX;SIA KATE I FURLER;SGAE;2024.9.28
;12.329.575;HOLD ON 12TH PLANET REMIX;SIA KATE I FURLER;SGAE;2024.9.28
;12.329.576;HOLD ON TOM STEPHAN REMIX;SIA KATE I FURLER;SGAE;2024.9.28
;28.050.137;CAN YOU GROOVE;SIA KATE I FURLER;SGAE;2024.9.28
;28.050.137;CAN YOU GROOVE?!;SIA KATE I FURLER;SGAE;2024.9.28
;6.397.239;COULDN T MAKE;SIA KATE I FURLER;SGAE;2024.9.28
;12.458.933;THE CONVERSATION CUES;SIA KATE I FURLER;SGAE;2024.9.28
;10.858.585;FOLLOW ME;SIA KATE I FURLER;SGAE;2024.9.28
;10.858.685;TELL ME;SIA KATE I FURLER;SGAE;2024.9.28
;13.673.920;FIRE MEETS GASOLINE;SIA KATE I FURLER;SGAE;2024.9.28
;20.352.074;CRUSH ME;SIA KATE I FURLER;SGAE;2024.9.28
;20.286.378;HEY BOY REMIX;SIA KATE I FURLER;SGAE;2024.9.28
;20.286.378;HEY BOY BONUS TRACK;SIA KATE I FURLER;SGAE;2024.9.28
;20.286.378;HEY BOY REMIX FEAT BURNA BOY;SIA KATE I FURLER;SGAE;2024.9.28
;14.771.862;HOME IS THE ENEMY;SIA KATE I FURLER;SGAE;2024.9.28
;6.909.183;COLLAPSING;SIA KATE I FURLER;SGAE;2024.9.28
;17.287.773;NIE BOJ SIE CHCIEC;SIA KATE I FURLER;SGAE;2024.9.28
;17.121.192;ZOOTOPIA;SIA KATE I FURLER;SGAE;2024.9.28
;17.121.778;TRY EVERYTHING UKRAINIAN CYRILLIC;SIA KATE I FURLER;SGAE;2024.9.28
;9.866.596;BAD COMPANY;SIA KATE I FURLER;SGAE;2024.9.28
;14.768.681;DEJA VU;SIA KATE I FURLER;SGAE;2024.9.28
;18.169.338;EVERYDAY IS HALLOWEEN;SIA KATE I FURLER;SGAE;2024.9.28
;18.613.286;CHASING PAPER;SIA KATE I FURLER;SGAE;2024.9.28
;20.310.189;THE PAGEANT OF THE BIZARRE;SIA KATE I FURLER;SGAE;2024.9.28
;22.430.705;DESTINY;SIA KATE I FURLER;SGAE;2024.9.28
;22.430.705;PHOTEK REMIX;SIA KATE I FURLER;SGAE;2024.9.28
;16.333.730;OASIS FEAT SIA;SIA KATE I FURLER;SGAE;2024.9.28
;14.270.255;STRAIGHT JACKET;SIA KATE I FURLER;SGAE;2024.9.28
;6.023.618;LIVING DOLL;SIA KATE I FURLER;SGAE;2024.9.28
;6.720.935;UTOPIA V A;SIA KATE I FURLER;SGAE;2024.9.28
;9.093.716;INTERLUDES;SIA KATE I FURLER;SGAE;2024.9.28
;6.832.641;CRITICISE;SIA KATE I FURLER;SGAE;2024.9.28
;6.832.841;SET YOU ON A CLOUD;SIA KATE I FURLER;SGAE;2024.9.28
;6.836.867;BETTER;SIA KATE I FURLER;SGAE;2024.9.28
;6.837.201;SLIP INTO YOU;SIA KATE I FURLER;SGAE;2024.9.28
;12.317.380;JACKET;SIA KATE I FURLER;SGAE;2024.9.28
;14.051.617;GOZILLIONAIRE;SIA KATE I FURLER;SGAE;2024.9.28
;15.210.764;TRY EVERYTHING;SIA KATE I FURLER;SGAE;2024.9.28
;14.589.705;YOU RE NEVER FULLY DRESSED WITHOUT A SMILE 2014 FILM VER;SIA KATE I FURLER;SGAE;2024.9.28
;19.205.672;DOLITTLE;SIA KATE I FURLER;SGAE;2024.9.28
;14.063.854;PARTY CANDY;SIA KATE I FURLER;SGAE;2024.9.28
;13.791.650;YOU RE MINE;SIA KATE I FURLER;SGAE;2024.9.28
;13.791.650;YOU RE MINE;SIA KATE I FURLER;SGAE;2024.9.28
;10.685.359;DESTINY PHOTEK REMIX;SIA KATE I FURLER;SGAE;2024.9.28
;13.196.394;STRANGE BIRD;SIA KATE I FURLER;SGAE;2024.9.28
;6.414.461;PLAYGROUND;SIA KATE I FURLER;SGAE;2024.9.28
;11.226.770;PUSH ME;SIA KATE I FURLER;SGAE;2024.9.28
;16.618.549;THE CITY IS YOURS;SIA KATE I FURLER;SGAE;2024.9.28
;13.229.850;RISE UP;SIA KATE I FURLER;SGAE;2024.9.28
;12.262.721;LIFE JACKET;SIA KATE I FURLER;SGAE;2024.9.28
;12.286.011;I KEEP HOLDING ON;SIA KATE I FURLER;SGAE;2024.9.28
;12.286.483;HOLOGRAM;SIA KATE I FURLER;SGAE;2024.9.28
;13.099.999;DON T LOOK AT ME;SIA KATE I FURLER;SGAE;2024.9.28
;16.600.441;VOLCANO;SIA KATE I FURLER;SGAE;2024.9.28
;4.764.388;TAKEN FOR GRANTED;SIA KATE I FURLER;SGAE;2024.9.28
;18.842.313;WHISPERER;SIA KATE I FURLER;SGAE;2024.9.28
;18.842.313;WHISPERER FEAT SIA;SIA KATE I FURLER;SGAE;2024.9.28
;16.904.337;I M STILL HERE;SIA KATE I FURLER;SGAE;2024.9.28
;17.169.837;SING FOR MY LIFE;SIA KATE I FURLER;SGAE;2024.9.28
;14.491.347;LITTLE GIRLS 2014 FILM VERSION;SIA KATE I FURLER;SGAE;2024.9.28
;16.904.417;I THINK I M GONNA LIKE IT HERE 2014 FILM VERSION;SIA KATE I FURLER;SGAE;2024.9.28
;10.821.969;I AM STRIPPED;SIA KATE I FURLER;SGAE;2024.9.28
;16.096.810;VICTORY;SIA KATE I FURLER;SGAE;2024.9.28
;13.099.402;ANY DAY NOW;SIA KATE I FURLER;SGAE;2024.9.28
;23.921.364;DON T GIVE UP FEAT SIA BUSTA RHYMES;SIA KATE I FURLER;SGAE;2024.9.28
;6.534.402;THISSELS;SIA KATE I FURLER;SGAE;2024.9.28
;21.088.048;DIAMOND EYES;SIA KATE I FURLER;SGAE;2024.9.28
;13.384.906;PASSENGERS;SIA KATE I FURLER;SGAE;2024.9.28
;26.347.621;GO ON;SIA KATE I FURLER;SGAE;2024.9.28
;28.810.033;SUPERBAD;SIA KATE I FURLER;SGAE;2024.9.28
;28.967.107;WONDERS OF ANIMATION MUSIC D100 ANIMATION BELOVED;SIA KATE I FURLER;SGAE;2024.9.28
;28.967.107;WONDERS OF ANIMATION MUSIC: D100 ANIMATION BELOVED;SIA KATE I FURLER;SGAE;2024.9.28
;15.550.682;MIDNIGHT DECISIONS;SIA KATE I FURLER;SGAE;2024.9.28
;20.475.920;PLAY DUMB;SIA KATE I FURLER;SGAE;2024.9.28
;21.744.456;SANTA VISITS EVERYONE;SIA KATE I FURLER;SGAE;2024.9.28
;21.744.457;PIN DROP;SIA KATE I FURLER;SGAE;2024.9.28
;23.938.926;3 MINUTES TIL NEW YEARS;SIA KATE I FURLER;SGAE;2024.9.28
;23.938.927;12 NIGHTS;SIA KATE I FURLER;SGAE;2024.9.28
;23.938.928;NAUGHTY NICE;SIA KATE I FURLER;SGAE;2024.9.28
;25.715.266;GIMME LOVE;SIA KATE I FURLER;SGAE;2024.9.28
;26.632.569;DANCE ALONE;SIA KATE I FURLER;SGAE;2024.9.28
;19.116.814;SAVED MY LIFE;SIA KATE I FURLER;SGAE;2024.9.28
;19.116.814;SAVE MY LIFE;SIA KATE I FURLER;SGAE;2024.9.28
;15.316.815;JE TE PARDONNE FEAT SIA;SIA KATE I FURLER;SGAE;2024.9.28
;4.163.722;SOBER UNKISSED;SIA KATE I FURLER;SGAE;2024.9.28
;4.164.556;I M NOT IMPORTANT TO YOU;SIA KATE I FURLER;SGAE;2024.9.28
;4.164.573;BEAUTIFUL REALITY;SIA KATE I FURLER;SGAE;2024.9.28
;4.164.578;DON T GET ME STARTED;SIA KATE I FURLER;SGAE;2024.9.28
;4.164.582;DON T WANT TO WANT YOU;SIA KATE I FURLER;SGAE;2024.9.28
;4.164.584;DOUBLE;SIA KATE I FURLER;SGAE;2024.9.28
;4.164.585;GOT TO GET TO YOU;SIA KATE I FURLER;SGAE;2024.9.28
;4.164.586;HURT A LITTLE LESS;SIA KATE I FURLER;SGAE;2024.9.28
;4.164.587;MAD LOVE;SIA KATE I FURLER;SGAE;2024.9.28
;4.164.588;NEVER AGAIN;SIA KATE I FURLER;SGAE;2024.9.28
;4.164.589;ONLY SEE;SIA KATE I FURLER;SGAE;2024.9.28
;4.164.590;PIGMENT;SIA KATE I FURLER;SGAE;2024.9.28
;4.164.591;PITY;SIA KATE I FURLER;SGAE;2024.9.28
;4.164.593;BUT NOTHING;SIA KATE I FURLER;SGAE;2024.9.28
;4.164.594;SITUATION;SIA KATE I FURLER;SGAE;2024.9.28
;4.164.596;SOON;SIA KATE I FURLER;SGAE;2024.9.28
;4.164.597;STORIES;SIA KATE I FURLER;SGAE;2024.9.28
;4.164.599;TAKE A WHILE;SIA KATE I FURLER;SGAE;2024.9.28
;4.164.600;REALISE YOU;SIA KATE I FURLER;SGAE;2024.9.28
;4.164.603;TREASURE;SIA KATE I FURLER;SGAE;2024.9.28
;4.164.604;TAKE IT TO HEART;SIA KATE I FURLER;SGAE;2024.9.28
;4.164.605;WHAT IS IT THAT YOU RE AFTER;SIA KATE I FURLER;SGAE;2024.9.28
;4.164.606;TRIPOUTRO;SIA KATE I FURLER;SGAE;2024.9.28
;4.164.607;ASREPONOSIM;SIA KATE I FURLER;SGAE;2024.9.28
;4.164.608;GET ME;SIA KATE I FURLER;SGAE;2024.9.28
;4.164.609;HEALING IS DIFFICULT;SIA KATE I FURLER;SGAE;2024.9.28
;4.164.610;LITTLE MAN;SIA KATE I FURLER;SGAE;2024.9.28
;4.164.611;DRINK TO GET DRUNK;SIA KATE I FURLER;SGAE;2024.9.28
;4.164.612;NOT IMPORTANT;SIA KATE I FURLER;SGAE;2024.9.28
;4.164.613;WHY DENY;SIA KATE I FURLER;SGAE;2024.9.28
;4.164.614;I LL LIVE YOUR DREAM;SIA KATE I FURLER;SGAE;2024.9.28
;4.164.615;JUDGE ME;SIA KATE I FURLER;SGAE;2024.9.28
;4.164.616;FANCY ME;SIA KATE I FURLER;SGAE;2024.9.28
;4.164.618;COMING AROUND;SIA KATE I FURLER;SGAE;2024.9.28
;4.164.738;TRIPPY;SIA KATE I FURLER;SGAE;2024.9.28
;4.164.739;HOW TO BREATHE;SIA KATE I FURLER;SGAE;2024.9.28
;4.164.740;HOW TO BREATHE A CAPELLA VERSION;SIA KATE I FURLER;SGAE;2024.9.28
;4.315.396;DELIRIUM;SIA KATE I FURLER;SGAE;2024.9.28
;4.315.398;JUNGLE;SIA KATE I FURLER;SGAE;2024.9.28
;4.315.399;GET IT TOGETHER;SIA KATE I FURLER;SGAE;2024.9.28
;4.315.400;MOODSWINGS;SIA KATE I FURLER;SGAE;2024.9.28
;4.315.403;ONE MORE SHOT;SIA KATE I FURLER;SGAE;2024.9.28
;4.315.404;PERSONAL REVOLUTION;SIA KATE I FURLER;SGAE;2024.9.28
;4.315.407;PART;SIA KATE I FURLER;SGAE;2024.9.28
;4.315.408;PROBLEMS;SIA KATE I FURLER;SGAE;2024.9.28
;4.315.409;RIGHT TIME;SIA KATE I FURLER;SGAE;2024.9.28
;4.315.410;SITUATIONS;SIA KATE I FURLER;SGAE;2024.9.28
;4.315.413;RISING AND FALLING;SIA KATE I FURLER;SGAE;2024.9.28
;4.315.414;SIA S SONG;SIA KATE I FURLER;SGAE;2024.9.28
;4.315.415;SHADOW;SIA KATE I FURLER;SGAE;2024.9.28
;4.315.417;THINGS;SIA KATE I FURLER;SGAE;2024.9.28
;4.315.418;UP ON THE ONE;SIA KATE I FURLER;SGAE;2024.9.28
;4.315.419;WORD AND THE DEAL;SIA KATE I FURLER;SGAE;2024.9.28
;4.315.512;MAXIMISE;SIA KATE I FURLER;SGAE;2024.9.28
;4.315.514;CRUCIAL;SIA KATE I FURLER;SGAE;2024.9.28
;4.315.965;INSIDIOUSLY;SIA KATE I FURLER;SGAE;2024.9.28
;4.315.966;FEAR;SIA KATE I FURLER;SGAE;2024.9.28
;4.465.443;WAITING FOR YOU;SIA KATE I FURLER;SGAE;2024.9.28
;4.537.249;ALL THE DJS LOVE YOU IN NEW YORK;SIA KATE I FURLER;SGAE;2024.9.28
;4.573.006;WHY DENY;SIA KATE I FURLER;SGAE;2024.9.28
;4.573.782;EVER;SIA KATE I FURLER;SGAE;2024.9.28
;4.573.784;THANK YOU;SIA KATE I FURLER;SGAE;2024.9.28
;4.573.789;SECRETS;SIA KATE I FURLER;SGAE;2024.9.28
;4.578.764;DON T TRUST HIM;SIA KATE I FURLER;SGAE;2024.9.28
;4.814.587;DESTINY 1;SIA KATE I FURLER;SGAE;2024.9.28
;5.181.096;BIGGER BETTER DEAL;SIA KATE I FURLER;SGAE;2024.9.28
;5.206.253;ZERO 7 PHOTEK REMIX;SIA KATE I FURLER;SGAE;2024.9.28
;5.206.253;ZERO SEVEN PHOTEK REMIX;SIA KATE I FURLER;SGAE;2024.9.28
;5.328.610;SHE GLOWS;SIA KATE I FURLER;SGAE;2024.9.28
;5.372.550;YOU ARE A LIAR;SIA KATE I FURLER;SGAE;2024.9.28
;5.372.551;I VE BEEN STUNG;SIA KATE I FURLER;SGAE;2024.9.28
;5.372.554;CATCHING ON;SIA KATE I FURLER;SGAE;2024.9.28
;5.372.555;DO I EXPECT TO BE REJECTED;SIA KATE I FURLER;SGAE;2024.9.28
;5.372.555;MY TONGUE TWISTS THE TRUTH;SIA KATE I FURLER;SGAE;2024.9.28
;5.372.556;INVISIBLE;SIA KATE I FURLER;SGAE;2024.9.28
;5.372.557;PISS RUBBER;SIA KATE I FURLER;SGAE;2024.9.28
;5.372.558;TOWN BIKE;SIA KATE I FURLER;SGAE;2024.9.28
;5.372.559;BLAME;SIA KATE I FURLER;SGAE;2024.9.28
;5.372.560;I DON T LOVE ME;SIA KATE I FURLER;SGAE;2024.9.28
;5.372.561;I DON T WANT TO PLAY;SIA KATE I FURLER;SGAE;2024.9.28
;5.372.562;BREATHE ME;SIA KATE I FURLER;SGAE;2024.9.28
;5.372.564;YOU NEVER EXISTED;SIA KATE I FURLER;SGAE;2024.9.28
;5.372.566;MAN ON THE TUBE;SIA KATE I FURLER;SGAE;2024.9.28
;5.372.566;MAN ON TUBE;SIA KATE I FURLER;SGAE;2024.9.28
;5.372.567;I M THE LAST ONE STANDING;SIA KATE I FURLER;SGAE;2024.9.28
;5.372.569;OUCH;SIA KATE I FURLER;SGAE;2024.9.28
;5.372.583;BROKE MY HEAD;SIA KATE I FURLER;SGAE;2024.9.28
;5.372.592;IS GOD ONLY IN SOME;SIA KATE I FURLER;SGAE;2024.9.28
;5.372.593;CRASH BURN;SIA KATE I FURLER;SGAE;2024.9.28
;5.372.594;CRADLE;SIA KATE I FURLER;SGAE;2024.9.28
;5.372.596;BUTTERFLIES;SIA KATE I FURLER;SGAE;2024.9.28
;5.372.597;THREE;SIA KATE I FURLER;SGAE;2024.9.28
;5.372.600;YOU HAVE BEEN LOVED;SIA KATE I FURLER;SGAE;2024.9.28
;5.372.629;NUMB;SIA KATE I FURLER;SGAE;2024.9.28
;5.519.906;NATALE S SONG;SIA KATE I FURLER;SGAE;2024.9.28
;5.519.909;REWRITE;SIA KATE I FURLER;SGAE;2024.9.28
;5.519.915;HAPPY TO RETURN;SIA KATE I FURLER;SGAE;2024.9.28
;5.519.918;HILLS AND PEAKS;SIA KATE I FURLER;SGAE;2024.9.28
;5.519.920;WHERE I BELONG;SIA KATE I FURLER;SGAE;2024.9.28
;5.519.922;THE CHURCH OF WHAT S HAPPENING NOW;SIA KATE I FURLER;SGAE;2024.9.28
;5.519.924;SWEET POTATO;SIA KATE I FURLER;SGAE;2024.9.28
;5.519.926;SEA SHELLS;SIA KATE I FURLER;SGAE;2024.9.28
;5.519.929;BROKEN BISCUIT;SIA KATE I FURLER;SGAE;2024.9.28
;5.699.872;SUNDAY;SIA KATE I FURLER;SGAE;2024.9.28
;5.699.872;WINTER IN HAWAII;SIA KATE I FURLER;SGAE;2024.9.28
;5.867.922;WINTER IN HAWAII;SIA KATE I FURLER;SGAE;2024.9.28
;6.046.201;CAR PARK;SIA KATE I FURLER;SGAE;2024.9.28
;6.059.063;BY YOUR SIDE;SIA KATE I FURLER;SGAE;2024.9.28
;6.059.064;THE CORNER;SIA KATE I FURLER;SGAE;2024.9.28
;6.168.788;CLOCKWORK;SIA KATE I FURLER;SGAE;2024.9.28
;6.168.803;GARDEN;SIA KATE I FURLER;SGAE;2024.9.28
;6.168.805;LEAVE NOW;SIA KATE I FURLER;SGAE;2024.9.28
;6.168.807;SILENCE;SIA KATE I FURLER;SGAE;2024.9.28
;6.168.808;DISHWATER;SIA KATE I FURLER;SGAE;2024.9.28
;6.168.809;BEAUTIFUL CALM DRIVING;SIA KATE I FURLER;SGAE;2024.9.28
;6.168.809;BEAUTIFUL CALM;SIA KATE I FURLER;SGAE;2024.9.28
;6.168.810;MISTAKES HILLS PEAKS;SIA KATE I FURLER;SGAE;2024.9.28
;6.168.813;SALTED WOUND;SIA KATE I FURLER;SGAE;2024.9.28
;6.168.814;FACING AWAY;SIA KATE I FURLER;SGAE;2024.9.28
;6.168.815;BRING NIGHT;SIA KATE I FURLER;SGAE;2024.9.28
;6.168.817;BUS STOP;SIA KATE I FURLER;SGAE;2024.9.28
;6.168.818;RUBBERBAND;SIA KATE I FURLER;SGAE;2024.9.28
;6.168.820;UNTANGLE;SIA KATE I FURLER;SGAE;2024.9.28
;6.168.821;STOP TRYING;SIA KATE I FURLER;SGAE;2024.9.28
;6.168.823;ALL MY LOVE I LL SEND;SIA KATE I FURLER;SGAE;2024.9.28
;6.168.826;U CAN DO IT;SIA KATE I FURLER;SGAE;2024.9.28
;6.168.837;PLASTER;SIA KATE I FURLER;SGAE;2024.9.28
;6.168.950;YOUR ROOM;SIA KATE I FURLER;SGAE;2024.9.28
;6.414.455;BRING IT TO ME;SIA KATE I FURLER;SGAE;2024.9.28
;6.414.460;CLOCKWORK LATEST;SIA KATE I FURLER;SGAE;2024.9.28
;6.414.462;NEWCLOUD;SIA KATE I FURLER;SGAE;2024.9.28
;6.414.463;NEWSILENCE;SIA KATE I FURLER;SGAE;2024.9.28
;6.414.465;LENTIL;SIA KATE I FURLER;SGAE;2024.9.28
;6.414.466;JAZZ HANDS;SIA KATE I FURLER;SGAE;2024.9.28
;6.414.476;NEWDISHWATER;SIA KATE I FURLER;SGAE;2024.9.28
;6.534.394;THIS FINE SOCIAL SCENE;SIA KATE I FURLER;SGAE;2024.9.28
;6.534.398;PAGEANT OF THE BIZARRE;SIA KATE I FURLER;SGAE;2024.9.28
;6.550.872;EVERYDAY;SIA KATE I FURLER;SGAE;2024.9.28
;6.608.631;FLOWERS;SIA KATE I FURLER;SGAE;2024.9.28
;6.608.633;HOLD ME DOWN;SIA KATE I FURLER;SGAE;2024.9.28
;6.608.635;BLAME IT ON THE RADIO;SIA KATE I FURLER;SGAE;2024.9.28
;6.608.637;RED HANDED;SIA KATE I FURLER;SGAE;2024.9.28
;6.608.639;PICTURES;SIA KATE I FURLER;SGAE;2024.9.28
;6.608.641;LITTLE BLACK SANDALS;SIA KATE I FURLER;SGAE;2024.9.28
;6.681.464;SHAME;SIA KATE I FURLER;SGAE;2024.9.28
;6.681.465;YOU MADE A FOOL OF ME;SIA KATE I FURLER;SGAE;2024.9.28
;6.681.469;STRANGER MAN;SIA KATE I FURLER;SGAE;2024.9.28
;6.681.472;THE GIRL YOU LOST TO COCAINE;SIA KATE I FURLER;SGAE;2024.9.28
;6.681.474;SICK FLOWERS;SIA KATE I FURLER;SGAE;2024.9.28
;6.681.477;DEATH BY CHOCOLATE;SIA KATE I FURLER;SGAE;2024.9.28
;6.681.478;BRUISE LIKE A PEAR;SIA KATE I FURLER;SGAE;2024.9.28
;6.681.480;NORMAL IS A RUMOUR;SIA KATE I FURLER;SGAE;2024.9.28
;6.681.482;DAY TOO SOON;SIA KATE I FURLER;SGAE;2024.9.28
;6.873.135;BUTTONS;SIA KATE I FURLER;SGAE;2024.9.28
;7.025.752;BYE BYE BYE;SIA KATE I FURLER;SGAE;2024.9.28
;9.090.359;LOSING YOU;SIA KATE I FURLER;SGAE;2024.9.28
;9.098.158;SOON WE LL BE FOUND;SIA KATE I FURLER;SGAE;2024.9.28
;9.667.550;EVERYONE S CHILD;SIA KATE I FURLER;SGAE;2024.9.28
;9.699.415;THE FIGHT;SIA KATE I FURLER;SGAE;2024.9.28
;12.198.735;HOW TO BREATHE ACAPELLA VERSION;SIA KATE I FURLER;SGAE;2024.9.28
;12.198.777;I WILL GET OVER YOU;SIA KATE I FURLER;SGAE;2024.9.28
;12.207.279;RULES ARE FOR BREAKING;SIA KATE I FURLER;SGAE;2024.9.28
;12.217.126;HURTING ME NOW;SIA KATE I FURLER;SGAE;2024.9.28
;12.217.558;NEVER GONNA LEAVE ME;SIA KATE I FURLER;SGAE;2024.9.28
;12.238.589;THE CODEPENDENT;SIA KATE I FURLER;SGAE;2024.9.28
;12.238.589;THE CODEPENDANT;SIA KATE I FURLER;SGAE;2024.9.28
;12.238.822;UNTANGLE YOU;SIA KATE I FURLER;SGAE;2024.9.28
;12.253.008;UTOPIA;SIA KATE I FURLER;SGAE;2024.9.28
;12.519.370;RADIO ACTIVE;SIA KATE I FURLER;SGAE;2024.9.28
;12.668.924;KILL F K MARRY;SIA KATE I FURLER;SGAE;2024.9.28
;12.827.738;ILLUMINATION OUTRO;SIA KATE I FURLER;SGAE;2024.9.28
;13.717.872;STRAIGHT FOR THE KNIFE;SIA KATE I FURLER;SGAE;2024.9.28
;14.914.540;FIRECRACKER;SIA KATE I FURLER;SGAE;2024.9.28
;15.374.470;SUFFERING;SIA KATE I FURLER;SGAE;2024.9.28
;15.743.647;JESUS WEPT;SIA KATE I FURLER;SGAE;2024.9.28
;16.287.137;DEER IN HEADLIGHTS;SIA KATE I FURLER;SGAE;2024.9.28
;16.868.952;WAR GAMES;SIA KATE I FURLER;SGAE;2024.9.28
;16.872.578;LIMITLESS;SIA KATE I FURLER;SGAE;2024.9.28
;16.904.334;GALAXY;SIA KATE I FURLER;SGAE;2024.9.28
;16.904.336;WONDERFUL;SIA KATE I FURLER;SGAE;2024.9.28
;16.906.445;LOVE IS A LEAP OF FAITH ORIGINAL VERSION;SIA KATE I FURLER;SGAE;2024.9.28
;16.906.447;ARRESTED;SIA KATE I FURLER;SGAE;2024.9.28
;16.914.248;YOUR BODY TALK;SIA KATE I FURLER;SGAE;2024.9.28
;16.921.923;SWEAT AND TEARS;SIA KATE I FURLER;SGAE;2024.9.28
;16.922.187;WRAPPED UP;SIA KATE I FURLER;SGAE;2024.9.28
;17.059.863;BEAUTIFUL PEOPLE SAY;SIA KATE I FURLER;SGAE;2024.9.28
;17.128.451;PRIVATE GIRL;SIA KATE I FURLER;SGAE;2024.9.28
;17.155.071;ANTHEM;SIA KATE I FURLER;SGAE;2024.9.28
;18.128.425;NAR HJARTAN BRISTER;SIA KATE I FURLER;SGAE;2024.9.28
;18.336.956;HEART OF GLASS;SIA KATE I FURLER;SGAE;2024.9.28
;18.469.056;EVERYTHING YOU NEEDED;SIA KATE I FURLER;SGAE;2024.9.28
;19.041.879;THE DAY THAT YOU MOVED ON;SIA KATE I FURLER;SGAE;2024.9.28
;19.265.537;SING PRAISES UNTO GOD;SIA KATE I FURLER;SGAE;2024.9.28
;19.265.537;LIFT UP YOUR VOICES;SIA KATE I FURLER;SGAE;2024.9.28
;19.299.873;OUT THERE;SIA KATE I FURLER;SGAE;2024.9.28
;19.414.671;WHAT THE FUTURE HOLDS;SIA KATE I FURLER;SGAE;2024.9.28
;19.474.383;RIDING ON MY BIKE;SIA KATE I FURLER;SGAE;2024.9.28
;20.252.416;FLOATING THROUGH SPACE;SIA KATE I FURLER;SGAE;2024.9.28
;21.334.312;RESPIRO;SIA KATE I FURLER;SGAE;2024.9.28
;23.836.637;ABOUT U;SIA KATE I FURLER;SGAE;2024.9.28
;23.837.297;WE CAN DO ANYTHING;SIA KATE I FURLER;SGAE;2024.9.28
;24.851.266;UNSTOPPABLE WINNER;SIA KATE I FURLER;SGAE;2024.9.28
;24.851.266;UNSTOPPABLE (WINNER);SIA KATE I FURLER;SGAE;2024.9.28
;27.397.654;NOWHERE TO BE;SIA KATE I FURLER;SGAE;2024.9.28
;27.397.661;ROCK AND BALLOON;SIA KATE I FURLER;SGAE;2024.9.28
;27.397.669;TOWARDS THE SUN;SIA KATE I FURLER;SGAE;2024.9.28
;27.397.673;LITTLE WING;SIA KATE I FURLER;SGAE;2024.9.28
;27.397.702;WANNA BE KNOWN;SIA KATE I FURLER;SGAE;2024.9.28
;27.397.705;FAME WON T LOVE YOU WITH PARIS HILTON;SIA KATE I FURLER;SGAE;2024.9.28
;27.397.705;FAME WON'T LOVE YOU (WITH PARIS HILTON);SIA KATE I FURLER;SGAE;2024.9.28
;27.397.705;FAME WONT LOVE YOU WITH PARIS HILTON;SIA KATE I FURLER;SGAE;2024.9.28
;28.824.634;LITTLE MAN PROUD OF YOU;SIA KATE I FURLER;SGAE;2024.9.28
;28.824.634;LITTLE MAN (PROUD OF YOU);SIA KATE I FURLER;SGAE;2024.9.28
;5.372.578;I LOVE EVERYTHING;SIA KATE I FURLER;SGAE;2024.9.28
;5.372.579;KISS MYSELF ALL OVER;SIA KATE I FURLER;SGAE;2024.9.28
;28.927.954;MAKING DIAMONDS;SIA KATE I FURLER;SGAE;2024.9.28
;13.047.899;LITTLE WOMAN;SIA KATE I FURLER;SGAE;2024.9.28
;13.047.899;RISE UP;SIA KATE I FURLER;SGAE;2024.9.28
;16.179.499;SURE OF MYSELF;SIA KATE I FURLER;SGAE;2024.9.28
;15.590.250;THE GREATEST;SIA KATE I FURLER;SGAE;2024.9.28
;17.161.760;THUNDERCLOUDS;SIA KATE I FURLER;SGAE;2024.9.28
;17.715.161;IT S TIME;SIA KATE I FURLER;SGAE;2024.9.28
;17.715.630;HEAVEN CAN WAIT;SIA KATE I FURLER;SGAE;2024.9.28
;19.797.737;HEY BOY;SIA KATE I FURLER;SGAE;2024.9.28
;19.797.737;HEY BOY FEAT BURNA BOY;SIA KATE I FURLER;SGAE;2024.9.28
;16.325.491;HELIUM DAVID GUETTA REMIX;SIA KATE I FURLER;SGAE;2024.9.28
;16.325.491;HELIUM;SIA KATE I FURLER;SGAE;2024.9.28
;16.325.491;HELIUM (DAVID GUETTA REMIX VERSION);SIA KATE I FURLER;SGAE;2024.9.28
;16.325.491;HELIUM DAVID GUETTA REMIX VERSION;SIA KATE I FURLER;SGAE;2024.9.28
;20.845.219;BORN YESTERDAY;SIA KATE I FURLER;SGAE;2024.9.28
;20.845.219;BORN YESTERDAY FEAT SIA;SIA KATE I FURLER;SGAE;2024.9.28
;26.282.179;HAAS HAAS;SIA KATE I FURLER;SGAE;2024.9.28
;26.513.847;CHAMPION FEAT TIERRA WHACK KALIII AND JIMMY JOLLIFF;SIA KATE I FURLER;SGAE;2024.9.28
;26.513.847;CHAMPION FEAT. TIERRA WHACK, KALIII AND JIMMY JOLLIFF;SIA KATE I FURLER;SGAE;2024.9.28
;17.009.025;PITCH PERFECT FRANCHISE MEDLEY;SIA FURLER;SGAE;2024.9.28
;17.378.350;PITCH PERFECT FRANCHISE MEDLEY;SIA FURLER;SGAE;2024.9.28
;18.000.398;IMPERIO CUES;SIA FURLER;SGAE;2024.9.28
;18.201.519;TEXT ME BACK;FURLER SIA KATE ISOBELLE;SGAE;2024.9.28
;7.021.730;ELECTRIC BIRD;SIA KATE I FURLER;SGAE;2024.9.28
;5.519.932;MOON;SIA KATE I FURLER;SGAE;2024.9.28
;5.519.934;THE BULLY;SIA KATE I FURLER;SGAE;2024.9.28
;5.699.874;DON T BRING ME DOWN;SIA KATE I FURLER;SGAE;2024.9.28
;5.704.181;SOMERSAULT;SIA KATE I FURLER;SGAE;2024.9.28
;5.704.187;SPEED DIAL NO 2;SIA KATE I FURLER;SGAE;2024.9.28
;6.534.389;YOU RE MY FLAME;SIA KATE I FURLER;SGAE;2024.9.28
;6.534.392;DREAMING;SIA KATE I FURLER;SGAE;2024.9.28
;6.534.396;WAITING TO DIE;SIA KATE I FURLER;SGAE;2024.9.28
;6.631.419;THISTLES;SIA KATE I FURLER;SGAE;2024.9.28
;6.631.419;THISSELS;SIA KATE I FURLER;SGAE;2024.9.28
;10.253.632;ALL I NEED LULLABY;SIA KATE I FURLER;SGAE;2024.9.28
;10.292.386;BIG GIRL LITTLE GIRL;SIA KATE I FURLER;SGAE;2024.9.28
;10.292.386;BIG GIRL LITTLE GIRL;SIA KATE I FURLER;SGAE;2024.9.28
;12.238.516;GET OVER U;SIA KATE I FURLER;SGAE;2024.9.28
;12.238.516;GET OVER YOU;SIA KATE I FURLER;SGAE;2024.9.28
;12.265.821;I LOVE IT FEAT SIA TRIALS REMIX;SIA KATE I FURLER;SGAE;2024.9.28
;12.488.501;LOVED ME BACK TO LIFE;SIA KATE I FURLER;SGAE;2024.9.28
;12.509.835;SHE WOLF FALLING TO PIECES;SIA KATE I FURLER;SGAE;2024.9.28
;12.543.049;LET ME LOVE YOU UNTIL YOU LEARN TO LOVE YOURSELF;SIA KATE I FURLER;SGAE;2024.9.28
;12.639.783;BLANK PAGE;SIA KATE I FURLER;SGAE;2024.9.28
;12.835.140;ACID RAIN;SIA KATE I FURLER;SGAE;2024.9.28
;12.849.038;PRETTY HURTS;SIA KATE I FURLER;SGAE;2024.9.28
;12.951.129;BATTLE CRY;SIA KATE I FURLER;SGAE;2024.9.28
;12.957.022;WALK ON FIRE;SIA KATE I FURLER;SGAE;2024.9.28
;13.140.315;THE HANDS I HOLD;SIA KATE I FURLER;SGAE;2024.9.28
;13.192.050;BEFORE I SLEEP;SIA KATE I FURLER;SGAE;2024.9.28
;13.195.512;TRUST IN IT;SIA KATE I FURLER;SGAE;2024.9.28
;13.208.142;GREEN CARD;SIA KATE I FURLER;SGAE;2024.9.28
;13.299.240;DOUBLE RAINBOW;SIA KATE I FURLER;SGAE;2024.9.28
;13.328.339;MAKING THE MOST OF THE NIGHT;SIA KATE I FURLER;SGAE;2024.9.28
;13.816.329;EXPERTEASED READY SET GO;SIA KATE I FURLER;SGAE;2024.9.28
;13.816.329;EXPERTEASE READY SET GO;SIA KATE I FURLER;SGAE;2024.9.28
;14.087.380;MOONQUAKE LAKE;SIA KATE I FURLER;SGAE;2024.9.28
;14.677.840;CASUALTY;SIA KATE I FURLER;SGAE;2024.9.28
;15.396.822;PITCH PERFECT 2;SIA KATE I FURLER;SGAE;2024.9.28
;15.786.601;OASIS FT FOXES;SIA KATE I FURLER;SGAE;2024.9.28
;15.786.601;OASIS KYGO VERSION;SIA KATE I FURLER;SGAE;2024.9.28
;16.039.061;GOLDEN;SIA KATE I FURLER;SGAE;2024.9.28
;16.039.061;GOLDEN FEAT SIA;SIA KATE I FURLER;SGAE;2024.9.28
;17.445.822;TEXT ME BACK;SIA KATE I FURLER;SGAE;2024.9.28
;17.715.103;NO NEW FRIENDS;SIA KATE I FURLER;SGAE;2024.9.28
;17.715.839;ANGEL IN YOUR EYES;SIA KATE I FURLER;SGAE;2024.9.28
;17.715.930;WELCOME TO THE WONDERFUL WORLD OF;SIA KATE I FURLER;SGAE;2024.9.28
;17.910.574;LYING DOWN;SIA KATE I FURLER;SGAE;2024.9.28
;17.910.574;LYING DOWN FEAT SIA;SIA KATE I FURLER;SGAE;2024.9.28
;18.009.944;LOOK UP;SIA KATE I FURLER;SGAE;2024.9.28
;18.010.031;COURAGE;SIA KATE I FURLER;SGAE;2024.9.28
;18.010.033;DIVE;SIA KATE I FURLER;SGAE;2024.9.28
;18.010.171;COURAGE TO CHANGE;SIA KATE I FURLER;SGAE;2024.9.28
;18.241.431;CANSEI DE SOFRER LOVED ME BACK TO LIFE;SIA KATE I FURLER;SGAE;2024.9.28
;18.980.187;BANG MY HEAD FEAT SIA AND FETTY WAP;SIA KATE I FURLER;SGAE;2024.9.28
;22.069.022;LIKE WATER ORIGINALS;SIA KATE I FURLER;SGAE;2024.9.28
;22.069.022;LIKE WATER (ORIGINALS);SIA KATE I FURLER;SGAE;2024.9.28
;24.672.338;VIOLET CHEMISTRY;SIA KATE I FURLER;SGAE;2024.9.28
;27.397.694;IMMORTAL QUEEN FEAT CHAKA KHAN;SIA KATE I FURLER;SGAE;2024.9.28
;27.397.694;IMMORTAL QUEEN (FEAT. CHAKA KHAN);SIA KATE I FURLER;SGAE;2024.9.28
;26.200.470;TITANIUM NINA SOFIE VERSION;SIA KATE I FURLER;SGAE;2024.9.28
;26.200.470;TITANIUM (NINA SOFIE VERSION);SIA KATE I FURLER;SGAE;2024.9.28
;20.426.285;TITANS;SIA KATE I FURLER;SGAE;2024.9.28
;18.676.538;DIAMANTS;SIA KATE I FURLER;SGAE;2024.9.28
;20.841.291;SHINE BRIGHT;SIA KATE I FURLER;SGAE;2024.9.28
;27.397.688;ONE NIGHT;SIA KATE I FURLER;SGAE;2024.9.28
;13.282.314;ELASTIC HEART;SIA KATE I FURLER;SGAE;2024.9.28
;13.282.314;ELASTIC HEART FEAT THE WEEKN;SIA KATE I FURLER;SGAE;2024.9.28
;13.282.314;ELASTIC HEART FEAT THE WEEKND;SIA KATE I FURLER;SGAE;2024.9.28
;13.282.314;ELASTIC HEART FEAT THE WEEKND DIPLO;SIA KATE I FURLER;SGAE;2024.9.28
;13.282.314;ELASTIC HEART FEATURING THE WEEKND;SIA KATE I FURLER;SGAE;2024.9.28
;13.282.314;ELASTIC HERART FEAT THE WEEKND DIPLO;SIA KATE I FURLER;SGAE;2024.9.28
;13.156.671;STRANGE BIRDS;SIA KATE I FURLER;SGAE;2024.9.28
;6.550.877;DUET;SIA KATE I FURLER;SGAE;2024.9.28
;6.681.475;SWEET ONE;SIA KATE I FURLER;SGAE;2024.9.28
;13.594.746;CHASING SHADOWS;SIA KATE I FURLER;SGAE;2024.9.28
;14.972.899;WILD ONE TOO;SIA KATE I FURLER;SGAE;2024.9.28
;14.972.899;WILD ONE TWO;SIA KATE I FURLER;SGAE;2024.9.28
;18.756.208;ORIGINAL;SIA KATE I FURLER;SGAE;2024.9.28
;18.756.208;ORIGINAL DOLITTLE;SIA KATE I FURLER;SGAE;2024.9.28
;18.756.208;ORIGINAL THE VOYAGES OF DOCTOR DOLITTLE;SIA KATE I FURLER;SGAE;2024.9.28
;13.009.135;SHE S PRETTY SHE LIES;SIA KATE I FURLER;SGAE;2024.9.28
;12.719.406;DIAMONDS REMIX FEAT KANYE WEST;SIA KATE I FURLER;SGAE;2024.9.28
;15.127.011;MY HEART IS OPEN;SIA KATE I FURLER;SGAE;2024.9.28
;15.127.011;MY HEART IS OPEN FEAT GWEN STEFANI;SIA KATE I FURLER;SGAE;2024.9.28
;17.662.909;GENIUS LIL WAYNE REMIX;SIA KATE I FURLER;SGAE;2024.9.28
;12.677.187;SHES PRETTY SHE LIES;SIA KATE I FURLER;SGAE;2024.9.28
;22.146.744;DYNAMITE FEAT SIA AND MISS LAFAMILIA BANX RANX REMIX;SIA KATE I FURLER;SGAE;2024.9.28
;10.463.512;BOUND TO YOU;SIA KATE I FURLER;SGAE;2024.9.28
;10.463.512;I M JUST A PRISONER;SIA KATE I FURLER;SGAE;2024.9.28
;20.298.456;DYNAMITE FEAT SIA;SIA KATE I FURLER;SGAE;2024.9.28
;20.298.456;DYNAMITE;SIA KATE I FURLER;SGAE;2024.9.28
;18.285.088;THAT S LIFE;SIA KATE I FURLER;SGAE;2024.9.28
;18.285.088;THAT S LIFE FEAT MAC MILLER SIA;SIA KATE I FURLER;SGAE;2024.9.28
;18.285.088;THAT'S LIFE;SIA KATE I FURLER;SGAE;2024.9.28
;18.285.088;THATS LIFE;SIA KATE I FURLER;SGAE;2024.9.28
;18.285.088;THAT'S LIFE (FEAT. MAC MILLER & SIA);SIA KATE I FURLER;SGAE;2024.9.28
;18.285.088;THATS LIFE FEAT MAC MILLER SIA;SIA KATE I FURLER;SGAE;2024.9.28
;15.641.012;STANDING ON THE SUN REMIX;SIA KATE I FURLER;SGAE;2024.9.28
;15.538.461;SOC DE TITANI;SIA KATE I FURLER;SGAE;2024.9.28
;15.538.461;TITANIUM PAVANE;SIA KATE I FURLER;SGAE;2024.9.28
;24.672.385;MUDDY FEET;SIA KATE I FURLER;SGAE;2024.9.28
;14.622.364;BOUND TO YOU;SIA FURLER;SGAE;2024.9.28
;16.552.542;HO HO HO;SIA AKA SIA FURLER;SGAE;2024.9.28
;15.662.522;WOLVES;SIA KATE I FURLER;SGAE;2024.9.28
;15.662.522;WOLVES VERSION 2;SIA KATE I FURLER;SGAE;2024.9.28
;15.455.838;WORLD CHAMPIONSHIP FINALE 2;SIA KATE I FURLER;SGAE;2024.9.28
;16.516.131;CANDY CANE LANE;SIA FURLER;SGAE;2024.9.28
;16.536.230;DUSK TILL DAWN;SIA AKA SIA FURLER;SGAE;2024.9.28
;16.581.825;SNOWMAN;SIA AKA SIA FURLER;SGAE;2024.9.28
;16.729.263;SUNSHINE;SIA AKA SIA FURLER;SGAE;2024.9.28
;16.729.741;PUPPIES ARE FOREVER;SIA AKA SIA FURLER;SGAE;2024.9.28
;16.729.789;UNDERNEATH THE MISTLETOE;SIA AKA SIA FURLER;SGAE;2024.9.28
;14.345.850;I DON T NEED ANYTHING BUT YOU 2014 FILM VERSION;SIA KATE I FURLER;SGAE;2024.9.28
;13.384.034;DANS LE NOIR;SIA KATE I FURLER;SGAE;2024.9.28
;11.286.257;BAD COMPANY;SIA KATE I FURLER;SGAE;2024.9.28
;14.687.977;KISS OF DEATH;SIA KATE I FURLER;SGAE;2024.9.28
;20.433.401;LISTENIN CONTINOUS MIX;SIA KATE I FURLER;SGAE;2024.9.28
;20.217.049;DEL MAR;SIA KATE I FURLER;SGAE;2024.9.28
;20.217.049;DEL MAR FEAT DOJA CAT AND SIA;SIA KATE I FURLER;SGAE;2024.9.28
;20.217.049;DEL MAR (FT. DOJA CAT;SIA KATE I FURLER;SGAE;2024.9.28
;20.217.049;DEL MAR FT DOJA CAT SIA;SIA KATE I FURLER;SGAE;2024.9.28
;13.688.949;BIG GIRLS CRY;SIA KATE I FURLER;SGAE;2024.9.28
;13.688.949;BIG GIRLS;SIA KATE I FURLER;SGAE;2024.9.28
;13.688.949;BIG GIRLS CRY ODESZA REMIX;SIA KATE I FURLER;SGAE;2024.9.28
;14.822.928;UNSTOPPABLE;SIA KATE I FURLER;SGAE;2024.9.28
;14.822.928;BIG GIRLS;SIA KATE I FURLER;SGAE;2024.9.28
;14.822.928;UNSTOPPABLE FEAT PUSHA T AND OLODUM PERFECT ISN T PRETTY MIX ARIEL RECHTSHAID VERSION;SIA KATE I FURLER;SGAE;2024.9.28
;14.822.928;UNSTOPPABLE FEAT PUSHA T OLODUM PERFECT ISN T PRETTY;SIA KATE I FURLER;SGAE;2024.9.28
;14.822.928;UNSTOPPABLE REDUX VERSION;SIA KATE I FURLER;SGAE;2024.9.28
;14.822.928;UNSTOPPABLE THE VOICE PERFORMANCE;SIA KATE I FURLER;SGAE;2024.9.28
;13.689.583;EYE OF THE NEEDLE;SIA KATE I FURLER;SGAE;2024.9.28
;15.062.189;CONFETTI;SIA KATE I FURLER;SGAE;2024.9.28
;15.062.206;SPACE BETWEEN;SIA KATE I FURLER;SGAE;2024.9.28
;15.062.206;SPACE BETWEEN LIVE FROM THE VILLAGE;SIA KATE I FURLER;SGAE;2024.9.28
;16.581.174;SANTA S COMING FOR US;SIA;SGAE;2024.9.28
;16.729.704;SNOWFLAKE;SIA KATE I FURLER;SGAE;2024.9.28
;16.729.801;UNDERNEATH THE CHRISTMAS LIGHTS;SIA KATE I FURLER;SGAE;2024.9.28
;20.324.567;TOGETHER;SIA KATE I FURLER;SGAE;2024.9.28
;23.527.878;1 1 FEAT AMIR;SIA KATE I FURLER;SGAE;2024.9.28
;23.527.878;ONE ONE FEAT AMIR;SIA KATE I FURLER;SGAE;2024.9.28
;23.527.878;1 1 FEAT AMIR;SIA KATE I FURLER;SGAE;2024.9.28
;25.006.706;CHAMPION;SIA KATE I FURLER;SGAE;2024.9.28
;16.792.880;THE AUDIO;SIA KATE I FURLER;SGAE;2024.9.28
;16.792.880;AUDIO;SIA KATE I FURLER;SGAE;2024.9.28
;16.792.880;AUDIO CID REMIX;SIA KATE I FURLER;SGAE;2024.9.28
;16.792.880;AUDIO WITH SIA DIPLO LABRINTH;SIA KATE I FURLER;SGAE;2024.9.28
;10.595.222;YOU VE CHANGED;SIA KATE I FURLER;SGAE;2024.9.28
;10.595.222;YOU'VE CHANGED;SIA KATE I FURLER;SGAE;2024.9.28
;16.670.931;CHANDALIER;SIA KATE I FURLER;SGAE;2024.9.28
;16.851.701;MAGIC;SIA KATE I FURLER;SGAE;2024.9.28
;23.093.163;BYE BYE BYE;SIA KATE I FURLER;SGAE;2024.9.28
;17.141.253;INCREDIBLE;SIA KATE I FURLER;SGAE;2024.9.28
;12.414.439;VAGUE A L AME;SIA KATE I FURLER;SGAE;2024.9.28
;19.123.902;COLOGNE;SIA KATE I FURLER;SGAE;2024.9.28
;4.164.576;ABOUT;SIA KATE I FURLER;SGAE;2024.9.28
;5.810.194;BITING TONGUES;SIA KATE I FURLER;SGAE;2024.9.28
;6.168.824;OLD NOISES;SIA KATE I FURLER;SGAE;2024.9.28
;10.413.224;ALL IN YOUR HEAD;SIA KATE I FURLER;SGAE;2024.9.28
;10.413.399;BAD RECEIVER;SIA KATE I FURLER;SGAE;2024.9.28
;11.113.371;MY LOVE;SIA KATE I FURLER;SGAE;2024.9.28
;12.215.952;BE GOOD TO ME;SIA KATE I FURLER;SGAE;2024.9.28
;12.217.076;HOLD ON;SIA KATE I FURLER;SGAE;2024.9.28
;12.217.376;LIKE YOU PIANO;SIA KATE I FURLER;SGAE;2024.9.28
;12.217.407;MAKE IT THROUGH THE NIGHT;SIA KATE I FURLER;SGAE;2024.9.28
;12.217.420;MARCELLE;SIA KATE I FURLER;SGAE;2024.9.28
;12.237.930;FREE ME;SIA KATE I FURLER;SGAE;2024.9.28
;12.237.974;I AM FOUND;SIA KATE I FURLER;SGAE;2024.9.28
;12.446.152;I AM ME;SIA KATE I FURLER;SGAE;2024.9.28
;12.498.877;THE CONVERSATION 1;SIA KATE I FURLER;SGAE;2024.9.28
;12.800.300;BATTLEFIELD;SIA KATE I FURLER;SGAE;2024.9.28
;13.072.730;KILL AND RUN;SIA KATE I FURLER;SGAE;2024.9.28
;13.072.730;KILL RUN;SIA KATE I FURLER;SGAE;2024.9.28
;13.294.159;CANNONBALL;SIA KATE I FURLER;SGAE;2024.9.28
;13.328.360;IF YOU SAY SO;SIA KATE I FURLER;SGAE;2024.9.28
;13.399.060;PASSENGER;SIA KATE I FURLER;SGAE;2024.9.28
;13.406.445;BRIGHTEST MORNING STAR;SIA KATE I FURLER;SGAE;2024.9.28
;13.553.127;TEARS FALL;SIA KATE I FURLER;SGAE;2024.9.28
;13.579.821;SEXERCIZE;SIA KATE I FURLER;SGAE;2024.9.28
;13.590.385;HEAVENLY PINEAPPLE;SIA KATE I FURLER;SGAE;2024.9.28
;13.590.385;WE KNEW WHAT WE WERE GETTING TONIGHT;SIA KATE I FURLER;SGAE;2024.9.28
;13.590.829;CHANDELIER;SIA KATE I FURLER;SGAE;2024.9.28
;13.636.316;KNOCK YOU OUT;SIA KATE I FURLER;SGAE;2024.9.28
;13.649.164;DIM THE LIGHTS;SIA KATE I FURLER;SGAE;2024.9.28
;13.689.140;BURN THE PAGES;SIA KATE I FURLER;SGAE;2024.9.28
;13.717.631;BIRD SET FREE;SIA KATE I FURLER;SGAE;2024.9.28
;13.720.348;CELLOPHANE;SIA KATE I FURLER;SGAE;2024.9.28
;13.721.133;DRESSED IN BLACK;SIA KATE I FURLER;SGAE;2024.9.28
;13.721.180;FAIR GAME;SIA KATE I FURLER;SGAE;2024.9.28
;13.721.232;FIRE MEET GASOLINE;SIA KATE I FURLER;SGAE;2024.9.28
;13.721.232;LOVE ISLAND;SIA KATE I FURLER;SGAE;2024.9.28
;13.728.633;TWO SHRINKS;SIA KATE I FURLER;SGAE;2024.9.28
;13.785.659;LITTLE MAN RS4 RADIO MIX;SIA KATE I FURLER;SGAE;2024.9.28
;13.795.846;TIME WAVE ZERO;SIA KATE I FURLER;SGAE;2024.9.28
;13.833.598;PAPER TIGER;SIA KATE I FURLER;SGAE;2024.9.28
;13.833.838;SUMMER RAIN;SIA KATE I FURLER;SGAE;2024.9.28
;13.952.107;RUN FOR YOUR LIFE;SIA KATE I FURLER;SGAE;2024.9.28
;14.155.605;SALTED WOUND;SIA KATE I FURLER;SGAE;2024.9.28
;14.205.511;BOTTLE;SIA KATE I FURLER;SGAE;2024.9.28
;14.219.115;PULLS YOU UNDER;SIA KATE I FURLER;SGAE;2024.9.28
;14.219.163;THROW DOWN THE ROSES;SIA KATE I FURLER;SGAE;2024.9.28
;14.345.651;LET YOUR TEARS FALL;SIA KATE I FURLER;SGAE;2024.9.28
;14.353.035;MAGNIFY MY LOVE;SIA KATE I FURLER;SGAE;2024.9.28
;14.519.674;DEJA VU;SIA KATE I FURLER;SGAE;2024.9.28
;14.531.484;DON T GIVE UP;SIA KATE I FURLER;SGAE;2024.9.28
;14.598.116;FREEZE YOU OUT;SIA KATE I FURLER;SGAE;2024.9.28
;14.637.087;BOY PROBLEMS;SIA KATE I FURLER;SGAE;2024.9.28
;14.685.832;PERFECT;SIA KATE I FURLER;SGAE;2024.9.28
;14.686.651;HEAD HIGH;SIA KATE I FURLER;SGAE;2024.9.28
;14.686.651;HEAD HIGH CUES;SIA KATE I FURLER;SGAE;2024.9.28
;14.689.040;TIDE;SIA KATE I FURLER;SGAE;2024.9.28
;14.704.740;HOLOGRAM SMOKE AND MIRRORS;SIA KATE I FURLER;SGAE;2024.9.28
;14.733.327;ONE CANDLE;SIA KATE I FURLER;SGAE;2024.9.28
;14.772.451;WE UNRAVEL;SIA KATE I FURLER;SGAE;2024.9.28
;14.911.027;OASIS;SIA KATE I FURLER;SGAE;2024.9.28
;14.921.171;ZTRATIL JSI MNE;SIA KATE I FURLER;SGAE;2024.9.28
;14.992.629;ROCK BOTTOM;SIA KATE I FURLER;SGAE;2024.9.28
;14.992.717;TELEPATHY;SIA KATE I FURLER;SGAE;2024.9.28
;15.074.807;STAR SPANGLED LOVE;SIA KATE I FURLER;SGAE;2024.9.28
;15.122.758;ANGEL BY THE WINGS;SIA KATE I FURLER;SGAE;2024.9.28
;15.124.393;CHEAP THRILLS;SIA KATE I FURLER;SGAE;2024.9.28
;15.124.393;CHEAP THRILLS ALBUM VERSION;SIA KATE I FURLER;SGAE;2024.9.28
;15.125.647;FIST FIGHTING A SANDSTORM;SIA KATE I FURLER;SGAE;2024.9.28
;15.126.294;HOUSE ON FIRE;SIA KATE I FURLER;SGAE;2024.9.28
;15.127.676;MOVE YOUR BODY;SIA KATE I FURLER;SGAE;2024.9.28
;15.128.021;ONE MILLION BULLETS;SIA KATE I FURLER;SGAE;2024.9.28
;15.199.482;JE TE PARDONNE;SIA KATE I FURLER;SGAE;2024.9.28
;15.267.039;CHEAP THRILLS FEAT SEAN PAUL;SIA KATE I FURLER;SGAE;2024.9.28
;15.267.039;CHEAP THRILLS REMIX;SIA KATE I FURLER;SGAE;2024.9.28
;15.339.831;WAVING GOODBYE;SIA KATE I FURLER;SGAE;2024.9.28
;15.435.923;FIREFLY;SIA KATE I FURLER;SGAE;2024.9.28
;15.437.499;JAZZ EPIDURAL;SIA KATE I FURLER;SGAE;2024.9.28
;15.581.994;THE GREATEST;SIA KATE I FURLER;SGAE;2024.9.28
;15.595.778;SUITCASE;SIA KATE I FURLER;SGAE;2024.9.28
;15.722.381;HELIUM;SIA KATE I FURLER;SGAE;2024.9.28
;15.820.091;OASIS FT SIA;SIA KATE I FURLER;SGAE;2024.9.28
;15.820.091;OASIS DEMO;SIA KATE I FURLER;SGAE;2024.9.28
;15.821.261;MEIN LIEBLINGSFERD;SIA KATE I FURLER;SGAE;2024.9.28
;15.859.542;DER MEISTER GRILLT;SIA KATE I FURLER;SGAE;2024.9.28
;15.948.130;ALIVE;SIA KATE I FURLER;SGAE;2024.9.28
;15.948.130;ALIVE VOX LUX;SIA KATE I FURLER;SGAE;2024.9.28
;15.956.874;NEVER GIVE UP;SIA KATE I FURLER;SGAE;2024.9.28
;16.115.630;WATERFALL;SIA KATE I FURLER;SGAE;2024.9.28
;16.115.630;WATERFALL FEAT P NK SIA;SIA KATE I FURLER;SGAE;2024.9.28
;16.225.908;A L INFINI;SIA KATE I FURLER;SGAE;2024.9.28
;16.390.834;SOWSH;SIA KATE I FURLER;SGAE;2024.9.28
;16.511.890;CHAMPION;SIA KATE I FURLER;SGAE;2024.9.28
;16.536.346;EVERYDAY IS CHRISTMAS;SIA KATE I FURLER;SGAE;2024.9.28
;16.536.346;EVERY DAY IS CHRISTMAS;SIA KATE I FURLER;SGAE;2024.9.28
;16.598.792;EYE TO EYE;SIA KATE I FURLER;SGAE;2024.9.28
;16.599.879;GO GET IT;SIA KATE I FURLER;SGAE;2024.9.28
;16.606.481;1 1;SIA KATE I FURLER;SGAE;2024.9.28
;16.753.389;CHAOS;SIA KATE I FURLER;SGAE;2024.9.28
;16.756.296;I FORGIVE YOU;SIA KATE I FURLER;SGAE;2024.9.28
;16.757.699;MIRACLE;SIA KATE I FURLER;SGAE;2024.9.28
;16.758.486;LIE TO ME;SIA KATE I FURLER;SGAE;2024.9.28
;16.759.678;LOVE IS A LEAP OF FAITH;SIA KATE I FURLER;SGAE;2024.9.28
;16.759.990;OH BODY;SIA KATE I FURLER;SGAE;2024.9.28
;16.760.611;TOY BOX;SIA KATE I FURLER;SGAE;2024.9.28
;16.807.609;MY OLD SANTA CLAUS;SIA KATE I FURLER;SGAE;2024.9.28
;17.853.252;ELASTIC HEART;SIA KATE I FURLER;SGAE;2024.9.28
;17.853.252;ELASTIC HEART NEW;SIA KATE I FURLER;SGAE;2024.9.28
;18.384.655;BABY;SIA KATE I FURLER;SGAE;2024.9.28
;12.872.073;PUPPET STRINGS;SIA KATE I FURLER;SGAE;2024.9.28
;13.617.641;THE GAME;SIA KATE I FURLER;SGAE;2024.9.28
;13.745.312;BLINDED BY LOVE;SIA KATE I FURLER;SGAE;2024.9.28
;13.833.758;SLEDGEHAMMER;SIA KATE I FURLER;SGAE;2024.9.28
;14.657.601;GASOLINE;SIA KATE I FURLER;SGAE;2024.9.28
;14.672.049;LIVING OUT LOUD;SIA KATE I FURLER;SGAE;2024.9.28
;15.107.852;FOOTPRINTS;SIA KATE I FURLER;SGAE;2024.9.28
;16.330.908;DEVIL IN ME;SIA KATE I FURLER;SGAE;2024.9.28
;14.859.566;MUSIC;SIA KATE I FURLER;SGAE;2024.9.28
;16.760.580;BEST FRIEND;SIA KATE I FURLER;SGAE;2024.9.28
;16.760.580;BEST FRIEND;SIA KATE I FURLER;SGAE;2024.9.28
;16.760.580;TOGETHER;SIA KATE I FURLER;SGAE;2024.9.28
;5.372.568;BIDDING WAR;SIA KATE I FURLER;SGAE;2024.9.28
;5.372.570;CROSS MY HEART;SIA KATE I FURLER;SGAE;2024.9.28
;5.372.570;SO BORED;SIA KATE I FURLER;SGAE;2024.9.28
;5.372.571;RICOCHET;SIA KATE I FURLER;SGAE;2024.9.28
;5.372.572;MAN EMBRACES CHANGE;SIA KATE I FURLER;SGAE;2024.9.28
;5.372.573;THIS SHIT;SIA KATE I FURLER;SGAE;2024.9.28
;5.519.913;LUCKY;SIA KATE I FURLER;SGAE;2024.9.28
;5.969.284;CROOS YOUR HEART;SIA KATE I FURLER;SGAE;2024.9.28
;6.006.002;THE CHURCH OF WHAT S HAPPENNING NOW;SIA KATE I FURLER;SGAE;2024.9.28
;6.278.871;ANYBODY ELSE;SIA KATE I FURLER;SGAE;2024.9.28
;6.278.939;CLOUD;SIA KATE I FURLER;SGAE;2024.9.28
;6.279.184;LIKE A LULLABY;SIA KATE I FURLER;SGAE;2024.9.28
;6.279.186;LIKE CLOCKWORK;SIA KATE I FURLER;SGAE;2024.9.28
;6.279.327;PHOTOGRAPH;SIA KATE I FURLER;SGAE;2024.9.28
;6.279.352;SHOWED ME THE WAY;SIA KATE I FURLER;SGAE;2024.9.28
;6.279.413;WHILE YOU WERE OUT;SIA KATE I FURLER;SGAE;2024.9.28
;6.824.655;CARES AT THE DOOR;SIA KATE I FURLER;SGAE;2024.9.28
;9.137.350;PLAYGROUND;SIA KATE I FURLER;SGAE;2024.9.28
;9.282.954;YOU DON T KNOW;SIA KATE I FURLER;SGAE;2024.9.28
;10.218.041;CLAP YOUR HANDS;SIA KATE I FURLER;SGAE;2024.9.28
;13.482.454;WITHOUT A FIGHT;SIA KATE I FURLER;SGAE;2024.9.28
;13.689.912;HOSTAGE;SIA KATE I FURLER;SGAE;2024.9.28
;13.796.337;MATRIX;SIA KATE I FURLER;SGAE;2024.9.28
;15.899.269;SKELETONS;SIA KATE I FURLER;SGAE;2024.9.28
;15.924.554;WARRIOR;SIA KATE I FURLER;SGAE;2024.9.28
;15.977.774;BEST DAY EVER;SIA KATE I FURLER;SGAE;2024.9.28
;16.519.213;EASY;SIA KATE I FURLER;SGAE;2024.9.28
;16.525.674;INSECURE;SIA KATE I FURLER;SGAE;2024.9.28
;16.595.726;BEAUTIFUL THINGS CAN HAPPEN;SIA KATE I FURLER;SGAE;2024.9.28
;16.759.970;OBLIVION;SIA KATE I FURLER;SGAE;2024.9.28
;14.344.242;LOVE IS A LEAP OF FAITH;SIA KATE I FURLER;SGAE;2024.9.28
;29.079.603;I HAD A HEART;SIA KATE I FURLER;SGAE;2024.9.28
;13.692.074;GODZILLIONAIRE;SIA KATE I FURLER;SGAE;2024.9.28
;12.564.912;DIAMONDS;SIA KATE I FURLER;SGAE;2024.9.28
;13.756.896;POP ROCK;SIA KATE I FURLER;SGAE;2024.9.28
;16.581.668;RAINBOW;SIA KATE I FURLER;SGAE;2024.9.28
;16.581.668;RAINBOW;SIA KATE I FURLER;SGAE;2024.9.28
;13.796.892;GUTS OVER FEAR;SIA KATE I FURLER;SGAE;2024.9.28
;14.440.047;CUT TO THE CHASE;SIA KATE I FURLER;SGAE;2024.9.28
;15.200.649;REAPER;SIA KATE I FURLER;SGAE;2024.9.28
;10.279.506;I AM;SIA KATE I FURLER;SGAE;2024.9.28
;10.279.941;YOU LOST ME;SIA KATE I FURLER;SGAE;2024.9.28
;12.565.264;GENTLEMEN;SIA KATE I FURLER;SGAE;2024.9.28
;13.160.705;SIA;SIA KATE I FURLER;SGAE;2024.9.28
;13.274.996;PERFUME;SIA KATE I FURLER;SGAE;2024.9.28
;13.274.996;PERFUME THE DREAMING MIX;SIA KATE I FURLER;SGAE;2024.9.28
;13.577.270;VICTORY;SIA KATE I FURLER;SGAE;2024.9.28
;13.796.345;MISTER SISTER;SIA KATE I FURLER;SGAE;2024.9.28
;13.797.148;BOTTOMS UP;SIA KATE I FURLER;SGAE;2024.9.28
;15.003.598;VOODOO;SIA KATE I FURLER;SGAE;2024.9.28
;15.655.679;THE GREATEST FEAT KENDRICK LAMAR;SIA KATE I FURLER;SGAE;2024.9.28
;16.525.887;MOUNTAINS;SIA KATE I FURLER;SGAE;2024.9.28
;16.709.440;THE GREATEST;SIA KATE I FURLER;SGAE;2024.9.28
;16.803.810;GENIUS;SIA KATE I FURLER;SGAE;2024.9.28
;12.613.859;LAYING DOWN;SIA KATE I FURLER;SGAE;2024.9.28
;14.534.678;THE WHISPERER;SIA KATE I FURLER;SGAE;2024.9.28
;15.131.535;SWEET DESIGN;SIA KATE I FURLER;SGAE;2024.9.28
;6.168.812;LULLABY;SIA KATE I FURLER;SGAE;2024.9.28
;13.642.943;OPULENCE;SIA KATE I FURLER;SGAE;2024.9.28
;13.642.943;OPULENCE CORY ENEMY REMIX;SIA KATE I FURLER;SGAE;2024.9.28
;13.987.567;THE CITY IS YOURS;SIA KATE I FURLER;SGAE;2024.9.28
;13.987.567;THE CITY S YOURS;SIA KATE I FURLER;SGAE;2024.9.28
;12.586.572;BREAK THE WALLS;SIA KATE I FURLER;SGAE;2024.9.28
;14.811.793;ALIVE;SIA KATE I FURLER;SGAE;2024.9.28
;14.702.670;MAGICAL;SIA FURLER;SGAE;2024.9.28
;17.000.407;EKG;SIA KATE ISABELLE FURLER;SGAE;2024.9.28
;10.218.352;I M IN HERE;FURLER SIA KATE ISOBELLE;SGAE;2024.9.28
;11.011.387;TITANIUM;SIA KATE I FURLER;SGAE;2024.9.28
;11.011.387;TITAN;SIA KATE I FURLER;SGAE;2024.9.28
;11.011.387;TITANIUM (FEAT. SIA);SIA KATE I FURLER;SGAE;2024.9.28
;11.011.387;TITANIUM FEAT SIA;SIA KATE I FURLER;SGAE;2024.9.28
;11.011.387;TITANIUM JOHN MEDINA REMIX;SIA KATE I FURLER;SGAE;2024.9.28
;11.011.387;TITANIUM PAVANE;SIA KATE I FURLER;SGAE;2024.9.28
;13.574.055;KISS ME ONCE;SIA KATE I FURLER;SGAE;2024.9.28
;13.749.285;LIGHTHEADED;SIA KATE I FURLER;SGAE;2024.9.28
;15.878.431;PRISONER;SIA KATE I FURLER;SGAE;2024.9.28
;17.120.195;LIGHT HEADED;SIA KATE I FURLER;SGAE;2024.9.28
;17.120.195;LIGHT HEADED DAVID GUETTA SIA;SIA KATE I FURLER;SGAE;2024.9.28
;4.163.770;SOME KIND OF LOVE SONG;SIA KATE I FURLER;SGAE;2024.9.28
;4.163.770;SOME KINDA LOVE SONG;SIA KATE I FURLER;SGAE;2024.9.28
;4.688.006;DISTRACTIONS;SIA KATE I FURLER;SGAE;2024.9.28
;6.534.387;THROW IT ALL AWAY;SIA KATE I FURLER;SGAE;2024.9.28
;6.534.401;IF I CAN T HAVE YOU;SIA KATE I FURLER;SGAE;2024.9.28
;11.226.776;ROUND YOUR LITTLE FINGER;SIA KATE I FURLER;SGAE;2024.9.28
;12.253.431;SPEED DIAL;SIA KATE I FURLER;SGAE;2024.9.28
;12.253.431;SPEED DIAL NO 2;SIA KATE I FURLER;SGAE;2024.9.28
;13.226.849;BREATHE;SIA KATE I FURLER;SGAE;2024.9.28
;13.251.809;STANDING ON THE SUN;SIA KATE I FURLER;SGAE;2024.9.28
;13.251.809;L OREAL LIVE YOUR LIFE IN NON STOP;SIA KATE I FURLER;SGAE;2024.9.28
;13.251.809;L OREAL THIS IS A RUSH COLOR THAT S;SIA KATE I FURLER;SGAE;2024.9.28
;13.398.992;GOD MADE YOU BEAUTIFUL;SIA KATE I FURLER;SGAE;2024.9.28
;13.705.516;Z VYSKY;SIA KATE I FURLER;SGAE;2024.9.28
;13.721.240;FREE THE ANIMAL;SIA KATE I FURLER;SGAE;2024.9.28
;13.784.771;BEAUTIFUL PAIN;SIA KATE I FURLER;SGAE;2024.9.28
;13.786.255;FLASHLIGHT;SIA KATE I FURLER;SGAE;2024.9.28
;13.796.881;GUITARS AND MICROPHONES;SIA KATE I FURLER;SGAE;2024.9.28
;13.797.084;CRUSH ME WITH YOUR LOVE;SIA KATE I FURLER;SGAE;2024.9.28
;13.797.160;BRING YOUR ARMS;SIA KATE I FURLER;SGAE;2024.9.28
;13.993.459;INVINCIBLE;SIA KATE I FURLER;SGAE;2024.9.28
;14.673.479;BLACK BUTTERFLY;SIA KATE I FURLER;SGAE;2024.9.28
;14.771.323;BALLADINO;SIA KATE I FURLER;SGAE;2024.9.28
;15.124.104;BROKEN GLASS;SIA KATE I FURLER;SGAE;2024.9.28
;15.526.170;I LOVE IT RESTRUNG;SIA KATE I FURLER;SGAE;2024.9.28
;19.499.558;STANDING ON THE SUN;SIA KATE I FURLER;SGAE;2024.9.28
;12.381.478;WILD ONE TWO;SIA KATE I FURLER;SGAE;2024.9.28
;13.283.313;UNITE;SIA KATE I FURLER;SGAE;2024.9.28
;14.219.455;OPPORTUNITY;SIA KATE I FURLER;SGAE;2024.9.28
;14.219.455;OPPORTUNITY FILM VERSION;SIA KATE I FURLER;SGAE;2024.9.28
;14.219.455;OPPORTUNITY SIA VERSION;SIA KATE I FURLER;SGAE;2024.9.28
;16.130.539;QUIT;SIA KATE I FURLER;SGAE;2024.9.28
;16.130.539;QUIT FEAT ARIANA GRANDE;SIA KATE I FURLER;SGAE;2024.9.28
;16.130.539;QUIT (FEATURING ARIANA GRANDE);SIA KATE I FURLER;SGAE;2024.9.28
;16.130.539;QUIT FEATURING ARIANA GRANDE;SIA KATE I FURLER;SGAE;2024.9.28
;16.130.539;QUIT YOU;SIA KATE I FURLER;SGAE;2024.9.28
;16.103.941;CRYING IN THE CLUB;SIA KATE I FURLER;SGAE;2024.9.28
;16.103.941;CRYING IN THE CLUB STEVE SMART RADIO EDIT;SIA KATE I FURLER;SGAE;2024.9.28
;10.279.848;STRONGER THAN EVER;FURLER SIA KATE ISOBELLE;SGAE;2024.9.28
;19.408.129;LET S LOVE;SIA KATE I FURLER;SGAE;2024.9.28
;19.408.129;LET'S LOVE;SIA KATE I FURLER;SGAE;2024.9.28
;11.221.179;WILD ONES;SIA KATE I FURLER;SGAE;2024.9.28
;11.221.179;WILD ONE TWO FEAT DAVID GUETTA NICKY ROMERO SIA;SIA KATE I FURLER;SGAE;2024.9.28
;11.221.179;WILD ONES (CLUB MIX);SIA KATE I FURLER;SGAE;2024.9.28
;11.221.179;WILD ONES CLUB MIX;SIA KATE I FURLER;SGAE;2024.9.28
;11.221.179;WILD ONES TWO;SIA KATE I FURLER;SGAE;2024.9.28
;12.993.976;BRING THE PARTY;FURLER SIA KATE ISOBELLE;SGAE;2024.9.28
;14.832.264;FLAMES;SIA KATE I FURLER;SGAE;2024.9.28
;14.832.264;BIG GIRLS;SIA KATE I FURLER;SGAE;2024.9.28
;14.832.264;FLAMES (AAZAR REMIX);SIA KATE I FURLER;SGAE;2024.9.28
;14.832.264;FLAMES AAZAR REMIX;SIA KATE I FURLER;SGAE;2024.9.28
;14.832.264;FLAMES (DAVID GUETTA REMIX);SIA KATE I FURLER;SGAE;2024.9.28
;14.832.264;FLAMES DAVID GUETTA REMIX;SIA KATE I FURLER;SGAE;2024.9.28
;14.832.264;FLAMES (EXTENDED);SIA KATE I FURLER;SGAE;2024.9.28
;14.832.264;FLAMES EXTENDED;SIA KATE I FURLER;SGAE;2024.9.28
;14.832.264;FLAMES FEAT SIA;SIA KATE I FURLER;SGAE;2024.9.28
;14.832.264;FLAMES (IGOR BLASKA REMIX);SIA KATE I FURLER;SGAE;2024.9.28
;14.832.264;FLAMES IGOR BLASKA REMIX;SIA KATE I FURLER;SGAE;2024.9.28
;14.832.264;FLAMES (LEANDRO DA SILVA REMIX);SIA KATE I FURLER;SGAE;2024.9.28
;14.832.264;FLAMES LEANDRO DA SILVA REMIX;SIA KATE I FURLER;SGAE;2024.9.28
;14.832.264;FLAMES (PINK PANDA REMIX);SIA KATE I FURLER;SGAE;2024.9.28
;14.832.264;FLAMES PINK PANDA REMIX;SIA KATE I FURLER;SGAE;2024.9.28
;14.832.264;FLAMES (ROBIN SCHULZ REMIX);SIA KATE I FURLER;SGAE;2024.9.28
;14.832.264;FLAMES ROBIN SCHULZ REMIX;SIA KATE I FURLER;SGAE;2024.9.28
;14.832.264;FLAMES (SYLVAIN ARMAND REMIX);SIA KATE I FURLER;SGAE;2024.9.28
;14.832.264;FLAMES SYLVAIN ARMAND REMIX;SIA KATE I FURLER;SGAE;2024.9.28
;14.832.264;FLAMES (TEPR REMIX);SIA KATE I FURLER;SGAE;2024.9.28
;14.832.264;FLAMES TEPR REMIX;SIA KATE I FURLER;SGAE;2024.9.28
;14.832.264;FLAMES TERP REMIX;SIA KATE I FURLER;SGAE;2024.9.28
;14.832.264;FLAMES (TOM MARTIN REMIX);SIA KATE I FURLER;SGAE;2024.9.28
;14.832.264;FLAMES TOM MARTIN REMIX;SIA KATE I FURLER;SGAE;2024.9.28
;14.832.264;FLAMES (TWO CAN REMIX);SIA KATE I FURLER;SGAE;2024.9.28
;14.832.264;FLAMES TWO CAN REMIX;SIA KATE I FURLER;SGAE;2024.9.28
;14.832.264;FLAMES (VLADIMIR CAUCHEMAR REMIX);SIA KATE I FURLER;SGAE;2024.9.28
;14.832.264;FLAMES VLADIMIR CAUCHEMAR REMIX;SIA KATE I FURLER;SGAE;2024.9.28
;14.832.264;FLAMSES DAVID GUETTA REMIX;SIA KATE I FURLER;SGAE;2024.9.28
;13.561.104;WHO AM I;SIA KATE I FURLER;SGAE;2024.9.28
;15.999.865;CHAINED TO THE RHYTHM;SIA KATE I FURLER;SGAE;2024.9.28
;16.351.970;HEY HEY HEY;SIA KATE I FURLER;SGAE;2024.9.28
;13.560.469;WE ARE ONE OLE OLA;SIA KATE I FURLER;SGAE;2024.9.28
;13.560.469;THE OFFICIAL 2014 FIFA WORLD CUP SONG;SIA KATE I FURLER;SGAE;2024.9.28
;13.560.469;THE OFFICIAL 2014 FIFA WORLD CUP SONG (OLODUM MIX);SIA KATE I FURLER;SGAE;2024.9.28
;13.560.469;THE OFFICIAL 2014 FIFA WORLD CUP SONG OLODUM MIX;SIA KATE I FURLER;SGAE;2024.9.28
;13.560.469;WE ARE ONE (OLE, OLA);SIA KATE I FURLER;SGAE;2024.9.28
;14.121.022;BANG MY HEAD;SIA KATE I FURLER;SGAE;2024.9.28
;14.121.022;BANG MY HEAD FEAT SIA;SIA KATE I FURLER;SGAE;2024.9.28
;29.138.551;IMMORTAL QUEEN FEAT CHAKA KHAN NENEH CHERRY;SIA KATE I FURLER;SGAE;2024.10.12
;29.138.551;IMMORTAL QUEEN FEAT. CHAKA KHAN & NENEH CHERRY;SIA KATE I FURLER;SGAE;2024.10.12
;29.287.754;MTG ELASTIC HEART;SIA KATE I FURLER;SGAE;2024.11.2
;29.287.754;ELASTIC HEART (MTG);SIA KATE I FURLER;SGAE;2024.11.2
;29.287.754;ELASTIC HEART MTG;SIA KATE I FURLER;SGAE;2024.11.2
;29.287.754;MTG;SIA KATE I FURLER;SGAE;2024.11.2