workId;title;creators;source
89259185;1 1;;SOCAN
216406260;1 + 1 (FEAT. AMIR);;SOCAN
229063510;12 NIGHTS;;SOCAN
229063669;3 MINUTES 'TIL NEW YEARS;;SOCAN
73602115;85 BLOCKS;;SOCAN
228468059;ABOUT U;;SOCAN
35541948;ACADEMIA;;SOCAN
87589612;ACCESS HOLLYWOOD;;SOCAN
87089396;ACCESS HOLLYWOOD LIVE;;SOCAN
75897039;ACID RAIN;;SOCAN
75897039;ACID RAIN F/J.COLE;;SOCAN
213832431;AJ AND THE QUEEN;;SOCAN
203808254;A L INFINI;;SOCAN
83270146;ALIVE;;SOCAN
89193068;ALIVE;;SOCAN
94301286;ALIVE;;SOCAN
76474637;ALL I NEED;;SOCAN
87653970;ALL I NEED;;SOCAN
76558710;ALL MY LOVE I LL SEND;;SOCAN
214460191;AMERICAN IDOL;;SOCAN
215111519;AMERICAN IDOL;;SOCAN
215157313;AMERICAN IDOL;;SOCAN
92228285;AMERICAN IDOL;;SOCAN
92228340;AMERICAN IDOL;;SOCAN
215254073;AMERICA S GOT TALENT;;SOCAN
215258732;AMERICA S GOT TALENT;;SOCAN
215263851;AMERICA S GOT TALENT;;SOCAN
215319584;AMERICA S GOT TALENT;;SOCAN
94724951;AMERICA S GOT TALENT;;SOCAN
213841490;AMERICA S GOT TALENT THE CHAMPIONS;;SOCAN
84168885;ANGEL BY THE WINGS;;SOCAN
200056380;ANGEL IN YOUR EYES;;SOCAN
200700036;ANGEL IN YOUR EYES;;SOCAN
81409935;ANNIE;;SOCAN
94070108;ANTHEM;;SOCAN
224667624;ANY DAY NOW;;SOCAN
76111496;ANY DAY NOW;;SOCAN
76939102;AROUND YOUR LITTLE FINGER;;SOCAN
205376621;ARRESTED;;SOCAN
90723678;ARRESTED;;SOCAN
212177303;AT THE HEART OF GOLD INSIDE THE USA GYMNASTICS SCA;;SOCAN
207934094;AUDIO;;SOCAN
221551289;AUDIO;;SOCAN
91974641;AUDIO;;SOCAN
210465850;BAD COMPANY;;SOCAN
90970760;BAILA SI PUEDES;;SOCAN
84220844;BANG MY HEAD;;SOCAN
94814979;BANG MY HEAD;;SOCAN
94814979;BANG MY HEAD FEAT SIA;;SOCAN
84220844;BANG MY HEAD FEAT SIA AND FETTY WAP;;SOCAN
77141873;BATTLE CRY;;SOCAN
75177021;BATTLEFIELD;;SOCAN
92832512;BEAR GRYLLS SURVIVAL SCHOOL;;SOCAN
215099986;BEAT SHAZAM;;SOCAN
215108158;BEAT SHAZAM;;SOCAN
71055274;BEAUTIFUL CALM;;SOCAN
33311636;BEAUTIFUL CALM DRIVING;;SOCAN
71055274;BEAUTIFUL CALM DRIVING;;SOCAN
79407089;BEAUTIFUL PAIN;;SOCAN
91923697;BEAUTIFUL PEOPLE SAY;;SOCAN
208178057;BEAUTIFUL THINGS CAN HAPPEN;;SOCAN
47599628;BE GOOD TO ME;;SOCAN
74025918;BE GOOD TO ME;;SOCAN
87358830;BEST DAY EVER;;SOCAN
224662569;BEST FRIEND;;SOCAN
89927241;BETTER;;SOCAN
70864271;BIG GIRLLITTLE GIRL;;SOCAN
70864271;BIG GIRL LITTLE GIRL;;SOCAN
75109453;BIG GIRL LITTLE GIRL;;SOCAN
80303621;BIG GIRLS;;SOCAN
91011744;BIG GIRLS;;SOCAN
80303621;BIG GIRLS CRY;;SOCAN
80038611;BILLBOARD MUSIC AWARDS 2014;;SOCAN
217620188;BIRD SET FREE;;SOCAN
79834246;BIRD SET FREE;;SOCAN
32480150;BITING TONGUES;;SOCAN
38538145;BITING TONGUES;;SOCAN
224665411;BLACK BUTTERFLY;;SOCAN
75958870;BLACK BUTTERFLY;;SOCAN
73870006;BLAME;;SOCAN
75519085;BLANK PAGE;;SOCAN
234059058;BLINDED BY LOVE;;SOCAN
79372807;BLINDED BY LOVE;;SOCAN
218827947;BORN YESTERDAY;;SOCAN
224636701;BORN YESTERDAY;;SOCAN
80726687;BOTTLE;;SOCAN
225670281;BOTTOMS UP;;SOCAN
81367708;BOTTOMS UP;;SOCAN
207486784;BOUND TO YOU;;SOCAN
210351565;BOUND TO YOU;;SOCAN
70726070;BOUND TO YOU;;SOCAN
71099496;BOUND TO YOU;;SOCAN
82447538;BOY PROBLEMS;;SOCAN
74970970;BREAK THE WALLS;;SOCAN
76071613;BREAK THE WALLS;;SOCAN
29486569;BREATHE ME;;SOCAN
79351818;BRIGHTEST MORNING STAR;;SOCAN
93107784;BRIGHTEST MORNING STAR;;SOCAN
34578016;BRING IT TO ME;;SOCAN
73871858;BRING IT TO ME;;SOCAN
33311797;BRING NIGHT;;SOCAN
75957150;BRING THE PARTY;;SOCAN
224659842;BRING YOUR ARMS;;SOCAN
75957156;BRING YOUR ARMS;;SOCAN
82740429;BRING YOUR ARMS;;SOCAN
84168889;BROKEN GLASS;;SOCAN
38075157;BROTHERS AND SISTERS;;SOCAN
35506945;BRUISE LIKE A PEAR;;SOCAN
74055616;BRUISE LIKE A PEAR;;SOCAN
30267513;BULLY;;SOCAN
80507921;BURN THE PAGES;;SOCAN
76558709;BUS STOP;;SOCAN
75863028;BUST ME OUT;;SOCAN
29486573;BUTTERFLIES;;SOCAN
36922567;BUTTONS;;SOCAN
90899377;BU YAO BU YAO DE;;SOCAN
38378016;BYE BYE BYE;;SOCAN
74681406;BY YOUR SIDE;;SOCAN
75365802;CAMERA NEVER LIES;;SOCAN
89973486;CANDY CANE LANE;;SOCAN
78391766;CANNONBALL;;SOCAN
225422815;CARES AT THE DOOR;;SOCAN
74681405;CAR PARK;;SOCAN
73870000;CATCHING ON;;SOCAN
217209259;CBS THIS MORNING SATURDAY;;SOCAN
80270374;CBS THIS MORNING SATURDAY;;SOCAN
92145427;CBS THIS MORNING SATURDAY;;SOCAN
80511825;CELLOPHANE;;SOCAN
212159388;CERIMONIA DE ENCERRAMENTO DAS PAN;;SOCAN
212366363;CHAINED TO THE RHYTHM;;SOCAN
87674634;CHAINED TO THE RHYTHM;;SOCAN
233480451;CHAMPION;;SOCAN
91024254;CHAMPION;;SOCAN
26358074;CHAMPIONS LEAGUE SPECIAL;;SOCAN
78998209;CHANDELIER;;SOCAN
78998209;CHANDELIER;;SOCAN
204061825;CHASING PAPER;;SOCAN
83453165;CHASING SHADOWS;;SOCAN
212221625;CHEAP THRILLS;;SOCAN
84168887;CHEAP THRILLS;;SOCAN
84168887;CHEAP THRILLS ALBUM VERSION;;SOCAN
94446370;CHEAP THRILLS CYRIL HAHN REMIX;;SOCAN
94446370;CHEAP THRILLS FEAT SEAN PAUL;;SOCAN
94446370;CHEAP THRILLS FEAT SEAN PAUL LE YOUTH REMIX;;SOCAN
94446370;CHEAP THRILLS HEX COUGAR REMIX;;SOCAN
94446370;CHEAP THRILLS JOHN J C CARR REMIX;;SOCAN
94446370;CHEAP THRILLS NOMERO REMIX;;SOCAN
94446370;CHEAP THRILLS RAC REMIX;;SOCAN
94446370;CHEAP THRILLS REMIX;;SOCAN
84168887;CHEAP THRILLS REMIX FEAT NICKY JAM;;SOCAN
94446370;CHEAP THRILLS STED E AND HYBRID HEIGHTS REMIX;;SOCAN
38073475;CHOOSE OR LOSE WORK IT;;SOCAN
30267514;CHURCH OF WHAT S HAPPENING NOW;;SOCAN
89283605;CITY IS YOURS;;SOCAN
45044142;CLAP YOUR HANDS;;SOCAN
215272691;CLOSING BELL CNBC;;SOCAN
215273579;CLOSING BELL CNBC;;SOCAN
225456522;CLOUD;;SOCAN
33311599;CLOUD;;SOCAN
88356058;CNN HEROES;;SOCAN
33311840;CODEPENDANT;;SOCAN
33382519;CODEPENDANT;;SOCAN
73871782;CODEPENDANT;;SOCAN
33311840;CODEPENDENT;;SOCAN
73871782;CODEPENDENT;;SOCAN
225652885;COLLAPSING;;SOCAN
203913561;COLOGNE;;SOCAN
86222885;CONFETTI;;SOCAN
74638929;CONVERSATION;;SOCAN
73973909;CONVERSATION 1;;SOCAN
74701595;CONVERSATION CUES;;SOCAN
75853056;CONVERSATION CUES;;SOCAN
75029092;CONVERSATION WITH AMANDA DE CADENET;;SOCAN
88283396;CONVICTION;;SOCAN
74681407;CORNER;;SOCAN
215056591;CORONATION STREET;;SOCAN
215059616;CORONATION STREET;;SOCAN
215060539;CORONATION STREET;;SOCAN
215062215;CORONATION STREET;;SOCAN
215069141;CORONATION STREET;;SOCAN
215069784;CORONATION STREET;;SOCAN
215072350;CORONATION STREET;;SOCAN
215072930;CORONATION STREET;;SOCAN
215073463;CORONATION STREET;;SOCAN
215084023;CORONATION STREET;;SOCAN
213579776;COUNTDOWN 2020 E GRAMMY AWARDS;;SOCAN
205837995;COURAGE;;SOCAN
213962428;COURAGE;;SOCAN
211514616;COURAGE TO CHANGE;;SOCAN
89943005;CRITICISE;;SOCAN
224668192;CRUSH ME;;SOCAN
75957158;CRUSH ME;;SOCAN
79836539;CRUSH ME WITH YOUR LOVE;;SOCAN
82740430;CRUSH ME WITH YOUR LOVE;;SOCAN
88492444;CRYING IN THE CLUB;;SOCAN
207150020;CUT TO THE CHASE;;SOCAN
92708984;CUT TO THE CHASE;;SOCAN
71535668;DANS LE NOIR;;SOCAN
92902998;DATING IN THE DARK;;SOCAN
38382088;DAY TOO SOON;;SOCAN
38334574;DEATH BY CHOCOLATE;;SOCAN
73872030;DEATH BY CHOCOLATE;;SOCAN
88966720;DEER IN HEADLIGHTS;;SOCAN
81908237;DEJA VU;;SOCAN
210924493;DEL MAR;;SOCAN
86935456;DER MEISTER GRILLT;;SOCAN
200758677;DESTINY;;SOCAN
208135241;DESTINY;;SOCAN
208138310;DESTINY;;SOCAN
221406448;DESTINY;;SOCAN
29064385;DESTINY;;SOCAN
208135241;DESTINY 1;;SOCAN
29064385;DESTINY 1;;SOCAN
29064385;DESTINY PHOTEK REMIX;;SOCAN
208138311;DESTINY (PHOTEK REMIX);;SOCAN
208138311;DESTINY SIMIAN REMIX;;SOCAN
207212083;DEVIL IN ME;;SOCAN
88244957;DEVIL IN ME;;SOCAN
222187789;DIAMANTS;;SOCAN
215738169;DIAMOND EYES;;SOCAN
212328484;DIAMONDS;;SOCAN
75211704;DIAMONDS;;SOCAN
75418442;DIAMONDS;;SOCAN
75418442;DIAMONDS REMIX;;SOCAN
75418442;DIAMONDS REMIX FEAT KANYE WEST;;SOCAN
75418442;DIAMONDS (REMIX) (FEAT. KANYE WEST);;SOCAN
77847112;DIM THE LIGHTS;;SOCAN
208138312;DISTRACTIONS;;SOCAN
27529659;DISTRACTIONS;;SOCAN
34247466;DISTRACTIONS;;SOCAN
39455888;DISTRACTIONS;;SOCAN
39455888;DISTRACTIONS SAMPLING;;SOCAN
73870002;DO I EXPECT TO BE REJECTED;;SOCAN
217857737;DOLITTLE;;SOCAN
31107409;DON T BRING ME DOWN;;SOCAN
81963715;DON T GIVE UP;;SOCAN
91093733;DON T GIVE UP;;SOCAN
73610194;DONT LOOK AT ME;;SOCAN
75957160;DON T LOOK AT ME;;SOCAN
224668498;DON'T LOOK AT ME;;SOCAN
75957160;DON'T LOOK AT ME;;SOCAN
73869984;DON T TRUST HIM;;SOCAN
79176240;DOUBLE RAINBOW;;SOCAN
90280633;DOUBLE TROUBLE;;SOCAN
34965821;DREAMING;;SOCAN
35336724;DREAMING;;SOCAN
37304356;DREAMING;;SOCAN
77579295;DREAMING;;SOCAN
80511826;DRESSED IN BLACK;;SOCAN
26358074;DRINK 2 GET DRUNK;;SOCAN
26358074;DRINK TO GET DRUNK;;SOCAN
73869907;DRINK TO GET DRUNK;;SOCAN
211755428;DUET;;SOCAN
219442957;DUET;;SOCAN
89947488;DUET;;SOCAN
89513405;DUSK TILL DAWN;;SOCAN
89513405;DUSK TILL DAWN;;SOCAN
225977659;DYNAMITE FEAT SIA;;SOCAN
212010422;DYNAMITE (FEAT. SIA);;SOCAN
233531367;DYNAMITE FEAT. SIA AND MISS LAFAMILIA (BANX & RANX;;SOCAN
89710307;EASY;;SOCAN
80595422;EASY STREET 2014 FILM VERSION;;SOCAN
90699928;EKG;;SOCAN
79836581;ELASTIC HEART;;SOCAN
88895304;ELASTIC HEART FEAT THE WEEKND;;SOCAN
88895304;ELASTIC HEART FEAT THE WEEKND AND DIPLO;;SOCAN
79836581;ELASTIC HEART NEW;;SOCAN
38730786;ELECTRIC BIRD;;SOCAN
212249798;ELLEN DEGENERES SHOW;;SOCAN
212283235;ELLEN DEGENERES SHOW;;SOCAN
214241761;ELLEN DEGENERES SHOW;;SOCAN
215043714;ELLEN DEGENERES SHOW;;SOCAN
215044487;ELLEN DEGENERES SHOW;;SOCAN
215051612;ELLEN DEGENERES SHOW;;SOCAN
215146771;ELLEN DEGENERES SHOW;;SOCAN
215299151;ELLEN DEGENERES SHOW;;SOCAN
215306741;ELLEN DEGENERES SHOW;;SOCAN
212147420;ELLEN S GAME OF GAMES;;SOCAN
215159750;ELLEN S GREATEST NIGHT OF GIVEAWAYS;;SOCAN
84426314;ENTERTAINMENT STUDIOS COM;;SOCAN
215198781;ENTERTAINMENT TONIGHT;;SOCAN
215204980;ENTERTAINMENT TONIGHT;;SOCAN
215207750;ENTERTAINMENT TONIGHT;;SOCAN
215208813;ENTERTAINMENT TONIGHT;;SOCAN
215210625;ENTERTAINMENT TONIGHT;;SOCAN
215249852;ENTERTAINMENT TONIGHT;;SOCAN
215289857;ENTERTAINMENT TONIGHT;;SOCAN
215343709;ENTERTAINMENT TONIGHT CANADA;;SOCAN
80092417;ENTERTAINMENT TONIGHT CANADA;;SOCAN
212212746;EPIC;;SOCAN
76759839;EPIC;;SOCAN
73869940;EVER;;SOCAN
211755417;EVERYDAY;;SOCAN
90200727;EVERYDAY IS CHRISTMAS;;SOCAN
90200727;EVERY DAY IS CHRISTMAS;;SOCAN
202098379;EVERYDAY IS HALLOWEEN;;SOCAN
87655644;EXPERTEASED READY SET GO;;SOCAN
87655644;EXPERTEASE READY SET GO;;SOCAN
215173148;EXTRA THE ENTERTAINMENT MAGAZINE;;SOCAN
215173883;EXTRA THE ENTERTAINMENT MAGAZINE;;SOCAN
215276494;EXTRA THE ENTERTAINMENT MAGAZINE;;SOCAN
215348660;EXTRA THE ENTERTAINMENT MAGAZINE;;SOCAN
217945910;EXTRA THE ENTERTAINMENT MAGAZINE;;SOCAN
75957153;EYE OF THE NEEDLE;;SOCAN
79834243;FAIR GAME;;SOCAN
39920793;FALLEN;;SOCAN
39873268;FALLEN 1003;;SOCAN
38819891;FALLEN 2;;SOCAN
75004252;FALLING TO PIECES;;SOCAN
73869912;FANCY ME;;SOCAN
73869926;FEAR;;SOCAN
75418442;FEAT KANYE WEST;;SOCAN
73434870;FEAT SIA;;SOCAN
81598688;FIFTY SHADES OF GREY;;SOCAN
73872163;FIGHT;;SOCAN
75727474;FIGHT;;SOCAN
73872163;FIGHT THE;;SOCAN
83505335;FIRECRACKER;;SOCAN
90898298;FIRECRACKER;;SOCAN
79949051;FIRE MEET GASOLINE;;SOCAN
87458820;FIRST LOOK;;SOCAN
214009364;FIVE;;SOCAN
215068939;FIVE;;SOCAN
215126898;FIVE;;SOCAN
215128163;FIVE;;SOCAN
215167874;FIVE;;SOCAN
215408704;FIVE;;SOCAN
89418907;FIVE;;SOCAN
208900893;FLAMES;;SOCAN
208900893;FLAMES;;SOCAN
212164326;FLAMES;;SOCAN
231692616;FLAMES;;SOCAN
91011744;FLAMES;;SOCAN
82069635;FLASHLIGHT;;SOCAN
225711988;FOLLOW ME;;SOCAN
84074497;FOOTPRINTS;;SOCAN
90972946;FOUR;;SOCAN
214252633;FOX AND FRIENDS;;SOCAN
215054638;FOX AND FRIENDS;;SOCAN
215054646;FOX AND FRIENDS;;SOCAN
215055334;FOX AND FRIENDS;;SOCAN
215058131;FOX AND FRIENDS;;SOCAN
215060549;FOX AND FRIENDS;;SOCAN
215065972;FOX AND FRIENDS;;SOCAN
215075668;FOX AND FRIENDS;;SOCAN
215098752;FOX AND FRIENDS;;SOCAN
215144119;FOX AND FRIENDS;;SOCAN
215144120;FOX AND FRIENDS;;SOCAN
215144124;FOX AND FRIENDS;;SOCAN
215145334;FOX AND FRIENDS;;SOCAN
215176271;FOX AND FRIENDS;;SOCAN
215176298;FOX AND FRIENDS;;SOCAN
215216384;FOX AND FRIENDS;;SOCAN
215218981;FOX AND FRIENDS;;SOCAN
215296091;FOX AND FRIENDS;;SOCAN
215296092;FOX AND FRIENDS;;SOCAN
215066997;FOX AND FRIENDS FIRST;;SOCAN
215072178;FOX AND FRIENDS FIRST;;SOCAN
215109284;FOX AND FRIENDS FIRST;;SOCAN
215138274;FOX AND FRIENDS FIRST;;SOCAN
215138963;FOX AND FRIENDS FIRST;;SOCAN
215142586;FOX AND FRIENDS FIRST;;SOCAN
215179744;FOX AND FRIENDS FIRST;;SOCAN
215180157;FOX AND FRIENDS FIRST;;SOCAN
215194224;FOX AND FRIENDS FIRST;;SOCAN
215294243;FOX AND FRIENDS FIRST;;SOCAN
224962404;FOX AND FRIENDS FIRST;;SOCAN
80586404;FREE THE ANIMAL;;SOCAN
84503581;FREEZE YOU OUT;;SOCAN
84572213;FREEZE YOU OUT;;SOCAN
37086987;FROM FLAB TO FAB;;SOCAN
73434870;FT SIA;;SOCAN
46238868;GAIA;;SOCAN
93893901;GALAXY;;SOCAN
82478709;GASOLINE;;SOCAN
200374162;GENIUS;;SOCAN
91975819;GENIUS;;SOCAN
94926985;GENIUS LIL WAYNE REMIX;;SOCAN
200000765;GENIUS (LIL WAYNE REMIX);;SOCAN
200000765;GENIUS (LIL WAYNE REMIX);;SOCAN
76767541;GENTLEMEN;;SOCAN
73869904;GET ME;;SOCAN
81995955;GET OVER U;;SOCAN
81995955;GET OVER YOU;;SOCAN
234305412;GIMME LOVE;;SOCAN
38775526;GIRL YOU LOST TO COCAINE;;SOCAN
77866750;GOD MADE YOU BEAUTIFUL;;SOCAN
79010175;GODZILLIONAIRE;;SOCAN
230569870;GO GET IT;;SOCAN
88768193;GO GET IT;;SOCAN
91347705;GO GET IT;;SOCAN
83027318;GOLDEN;;SOCAN
79622212;GOOD MORNING AMERICA;;SOCAN
86126139;GREATEST;;SOCAN
218372838;GREATEST DANCER;;SOCAN
218372844;GREATEST DANCER;;SOCAN
218659736;GREATEST DANCER;;SOCAN
87560173;GREATEST FEAT KENDRICK LAMAR;;SOCAN
79675105;GREEN CARD;;SOCAN
81732930;GREEN CARD;;SOCAN
42794411;GREY S ANATOMY;;SOCAN
225679650;GUITARS AND MICROPHONES;;SOCAN
75957157;GUITARS AND MICROPHONES;;SOCAN
80123339;GUTS OVER FEAR;;SOCAN
76096852;HANDS I HOLD;;SOCAN
90777945;HANDS I HOLD;;SOCAN
200023710;HEAD HIGH;;SOCAN
210470198;HEAD HIGH;;SOCAN
82599746;HEAD HIGH;;SOCAN
210470198;HEAD HIGH CUES;;SOCAN
73869906;HEALING IS DIFFICULT;;SOCAN
202089102;HEART OF GLASS;;SOCAN
200056439;HEAVEN CAN WAIT;;SOCAN
200774700;HEAVEN CAN WAIT;;SOCAN
86440120;HELIUM;;SOCAN
86440120;HELIUM;;SOCAN
93887981;HELIUM;;SOCAN
93887981;HELIUM DAVID GUETTA REMIX;;SOCAN
224670902;HELIUM (DAVID GUETTA REMIX);;SOCAN
210694342;HEY BOY;;SOCAN
211413885;HEY BOY;;SOCAN
214559228;HEY BOY;;SOCAN
221406554;HEY BOY;;SOCAN
211413885;HEY BOY (FEAT. BURNA BOY);;SOCAN
221406554;HEY BOY (FEAT. BURNA BOY);;SOCAN
211744835;HEY BOY (REMIX);;SOCAN
211744835;HEY BOY (REMIX) (FEAT. BURNA BOY);;SOCAN
88717266;HEY HEY HEY;;SOCAN
84026862;HIGH HEAT;;SOCAN
84645688;HIGH HEAT;;SOCAN
87832184;HIGH HEAT;;SOCAN
89973423;HO HO HO;;SOCAN
34577114;HOLD ME DOWN;;SOCAN
72411576;HOLD ON;;SOCAN
73577904;HOLD ON;;SOCAN
49521509;HOLD ONE;;SOCAN
73577904;HOLD ON (REMIX);;SOCAN
215202324;HOLLYWOOD GAME NIGHT;;SOCAN
74146181;HOLOGRAM;;SOCAN
74567666;HOLOGRAM;;SOCAN
212260422;HOMECOMING A FILM BY BEYONCE;;SOCAN
82977730;HOME IS THE ENEMY;;SOCAN
73050302;HOSTAGE;;SOCAN
89959030;HOTEL GB;;SOCAN
84168888;HOUSE ON FIRE;;SOCAN
26358288;HOW TO BREATHE;;SOCAN
45128954;HURTING ME NOW;;SOCAN
73872158;HURTING ME NOW;;SOCAN
80397328;I AM;;SOCAN
74627713;I AM ME;;SOCAN
75957151;I CAN T SLEEP MUSTN T THINK;;SOCAN
75957151;I CAN'T SLEEP / MUSTN'T THINK;;SOCAN
73870004;I DON T LOVE ME;;SOCAN
80595421;I DON T NEED ANYTHING BUT YOU 2014 FILM VERSION;;SOCAN
80595421;I DON T NEED ANYTHING BUT YOU (2014 FILM VERSION);;SOCAN
35275598;IF I CAN T HAVE YOU;;SOCAN
208138334;IF I CAN'T HAVE YOU;;SOCAN
208945039;IF I CAN'T HAVE YOU;;SOCAN
200083101;I FORGIVE YOU;;SOCAN
90638587;I FORGIVE YOU;;SOCAN
90638587;I FORGIVE YOU;;SOCAN
75957152;IF YOU GO DOWN;;SOCAN
78493533;IF YOU SAY SO;;SOCAN
74146183;I KEEP HOLDING ON;;SOCAN
76079247;ILLUMINATION OUTRO;;SOCAN
211400188;ILLUMINATION (OUTRO);;SOCAN
73425417;I LOVE IT;;SOCAN
74083947;I LOVE IT FEAT SIA TRIALS REMIX;;SOCAN
86012598;I LOVE IT RESTRUNG;;SOCAN
71281346;I M IN HERE;;SOCAN
70726070;I M JUST A PRISONER;;SOCAN
207486784;I'M JUST A PRISONER;;SOCAN
73869779;I M NOT IMPORTANT TO YOU;;SOCAN
93692134;I M STILL HERE;;SOCAN
209428336;I'M STILL HERE;;SOCAN
29487797;I M THE LAST ONE STANDING;;SOCAN
92666761;INCREDIBLE;;SOCAN
215178320;INGRAHAM ANGLE;;SOCAN
89710324;INSECURE;;SOCAN
86472695;INSIDER;;SOCAN
73869917;INSIDIOUSLY;;SOCAN
216647485;INVINCIBLE;;SOCAN
81564977;INVINCIBLE;;SOCAN
29487817;INVISIBLE;;SOCAN
73870003;INVISIBLE;;SOCAN
80730040;I THINK I M GONNA LIKE IT HERE 2014 FILM VERSIO;;SOCAN
80595420;I THINK I M GONNA LIKE IT HERE 2014 FILM VERSION;;SOCAN
80730040;I THINK I'M GONNA LIKE IT HERE (2014 FILM VERSION);;SOCAN
200056460;IT S TIME;;SOCAN
200695019;IT'S TIME;;SOCAN
73869999;I VE BEEN STUNG;;SOCAN
73872195;I WILL GET OVER YOU;;SOCAN
74146182;JACKET;;SOCAN
86699671;JESUS WEPT;;SOCAN
230317726;JE TE PARDONNE FEAT SIA;;SOCAN
84878262;JE TE PARDONNE FEAT SIA;;SOCAN
85106501;JE TE PARDONNE FEAT SIA;;SOCAN
31877696;JIMMY KIMMEL LIVE;;SOCAN
73564805;JIMMY KIMMEL LIVE;;SOCAN
73869910;JUDGE ME;;SOCAN
215167929;JUSTICE WITH JUDGE JEANINE;;SOCAN
213855023;KATY KEENE;;SOCAN
88493755;KCBS NEWS AT 05 00 A M F;;SOCAN
215380887;KELLY CLARKSON SHOW;;SOCAN
218554114;KELLY CLARKSON SHOW;;SOCAN
85279795;KICKIN IT;;SOCAN
75957155;KILL AND RUN;;SOCAN
75418433;KILL F K MARRY;;SOCAN
75957155;KILL & RUN;;SOCAN
207486494;KISS ME ONCE;;SOCAN
81009814;KISS ME ONCE;;SOCAN
221573843;KISS MYSELF ALL OVER;;SOCAN
218830229;KISS OF DEATH;;SOCAN
231649324;KISS OF DEATH;;SOCAN
78926893;KNOCK YOU OUT;;SOCAN
80091153;KNTV NEWS AT 05 00 A M F;;SOCAN
80168507;KUTV FRESH LIVING;;SOCAN
72845187;LAST CALL WITH CARSON DALY;;SOCAN
82696897;LATE NIGHT WITH SETH MEYERS;;SOCAN
75360122;LAYING DOWN;;SOCAN
34578021;LENTIL;;SOCAN
74171409;LENTIL;;SOCAN
75429387;LET ME LOVE YOU;;SOCAN
75429387;LET ME LOVE YOU UNTIL YOU LE;;SOCAN
214091859;LET ME LOVE YOU UNTIL YOU LEAR;;SOCAN
75429387;LET ME LOVE YOU UNTIL YOU LEARN TO LOVE YOURSEL;;SOCAN
75429387;LET ME LOVE YOU UNTIL YOU LEARN TO LOVE YOURSELF;;SOCAN
213581335;LET S DANCE;;SOCAN
214509796;LET S LOVE;;SOCAN
209624241;LET'S LOVE;;SOCAN
210221543;LET'S LOVE;;SOCAN
81240975;LET YOUR TEARS FALL;;SOCAN
89973436;LIE TO ME;;SOCAN
74097404;LIFE JACKET;;SOCAN
210885625;LIFT UP YOUR VOICES;;SOCAN
94815425;LIGHTHEADED;;SOCAN
224661353;LIGHT HEADED;;SOCAN
93887815;LIGHT HEADED DAVID GUETTA AND SIA;;SOCAN
225366020;LIKE WATER;;SOCAN
225366020;LIKE WATER ORIGINALS;;SOCAN
220783721;LIKE WATER (ORIGINALS);;SOCAN
71630160;LIKE YOU PIANO;;SOCAN
93535077;LIMITLESS;;SOCAN
93692291;LIMITLESS;;SOCAN
89082707;LION;;SOCAN
231774328;LISTENIN CONTINOUS MIX;;SOCAN
215011408;LISTENIN CONTINUOUS MIX;;SOCAN
232551417;LISTENIN CONTINUOUS MIX;;SOCAN
35541949;LITTLE BLACK SANDALS;;SOCAN
80595419;LITTLE GIRLS 2014 FILM VERSION;;SOCAN
80730042;LITTLE GIRLS 2014 FILM VERSION;;SOCAN
80595419;LITTLE GIRLS (2014 FILM VERSION);;SOCAN
80730042;LITTLE GIRLS (2014 FILM VERSION);;SOCAN
26358493;LITTLE MAN;;SOCAN
73869905;LITTLE MAN;;SOCAN
79542387;LITTLE MAN RS4 RADIO MIX;;SOCAN
83378505;LITTLE WOMAN;;SOCAN
213586415;LIVE WITH KELLY AND RYAN;;SOCAN
215048171;LIVE WITH KELLY AND RYAN;;SOCAN
215055250;LIVE WITH KELLY AND RYAN;;SOCAN
215058855;LIVE WITH KELLY AND RYAN;;SOCAN
215113575;LIVE WITH KELLY AND RYAN;;SOCAN
215113580;LIVE WITH KELLY AND RYAN;;SOCAN
215116006;LIVE WITH KELLY AND RYAN;;SOCAN
215176574;LIVE WITH KELLY AND RYAN;;SOCAN
215293333;LIVE WITH KELLY AND RYAN;;SOCAN
215294882;LIVE WITH KELLY AND RYAN;;SOCAN
215322689;LIVE WITH KELLY AND RYAN;;SOCAN
215322701;LIVE WITH KELLY AND RYAN;;SOCAN
215376969;LIVE WITH KELLY AND RYAN;;SOCAN
215383929;LIVE WITH KELLY AND RYAN;;SOCAN
215384566;LIVE WITH KELLY AND RYAN;;SOCAN
210931155;LIVING OUT LOUD;;SOCAN
91560708;LIVING OUT LOUD;;SOCAN
75773846;LOVED ME BACK TO LIFE;;SOCAN
213439452;LOVE ISLAND;;SOCAN
33311794;LULLABY;;SOCAN
200033159;LYING DOWN;;SOCAN
200928080;LYING DOWN;;SOCAN
231693603;LYING DOWN;;SOCAN
200033159;LYING DOWN FEAT. SIA;;SOCAN
73869833;MAD LOVE;;SOCAN
93078978;MAGIC;;SOCAN
224672283;MAGICAL;;SOCAN
81245375;MAGNIFY MY LOVE;;SOCAN
86187884;MAJOR LAZER;;SOCAN
83600401;MAKING THE MOST OF THE NIGHT;;SOCAN
88042673;MAKING THE MOST OF THE NIGHT;;SOCAN
31410230;MEDICAL INVESTIGATION;;SOCAN
86699669;MEIN LIEBLINGSFERD;;SOCAN
84168887;MEIN LIEBLINGSPFERED;;SOCAN
86222493;MIDNIGHT DECISIONS;;SOCAN
89973439;MIRACLE;;SOCAN
225653733;MISTER SISTER;;SOCAN
84854503;MLB CENTRAL;;SOCAN
80037742;MLB NOW;;SOCAN
45064884;MOON;;SOCAN
81454762;MOONQUAKE LAKE;;SOCAN
200056437;MOUNTAINS;;SOCAN
200777139;MOUNTAINS;;SOCAN
89710299;MOUNTAINS;;SOCAN
84168886;MOVE YOUR BODY;;SOCAN
230682122;MUDDY FEET;;SOCAN
232569842;MUDDY FEET;;SOCAN
224661697;MUSIC;;SOCAN
75957154;MUSIC;;SOCAN
228232711;MY HEART IS OPEN;;SOCAN
79942244;MY HEART IS OPEN;;SOCAN
92632639;MY HEART IS OPEN;;SOCAN
93114358;MY HEART IS OPEN;;SOCAN
228232711;MY HEART IS OPEN (FEAT. GWEN STEFANI);;SOCAN
70165375;MY LOVE;;SOCAN
82977721;MY LOVE;;SOCAN
91024260;MY OLD SANTA CLAUS;;SOCAN
35661723;MY SUPER SWEET 16;;SOCAN
73870002;MY TONGUE TWISTS THE TRUTH;;SOCAN
44638562;NATALES SONG;;SOCAN
30266889;NATALE S SONG;;SOCAN
44638562;NATALE S SONG;;SOCAN
229063606;NAUGHTY & NICE;;SOCAN
215069125;NEON DEMON;;SOCAN
87265314;NEVER GIVE UP;;SOCAN
45128955;NEVER GONNA LEAVE ME;;SOCAN
77624517;NEVER GONNA LEAVE ME;;SOCAN
87515130;NEW YORK LIVE;;SOCAN
89863634;NEW YORK LIVE;;SOCAN
89193068;NFL ON FOX PREGAME;;SOCAN
200616734;NO NEW FRIENDS;;SOCAN
214709091;NO NEW FRIENDS;;SOCAN
223493174;NO NEW FRIENDS;;SOCAN
224276365;NORMAL IS A RUMOUR;;SOCAN
35506946;NORMAL IS A RUMOUR;;SOCAN
73872031;NORMAL IS A RUMOUR;;SOCAN
29488004;NUMB;;SOCAN
71830501;NUMB;;SOCAN
73870029;NUMB;;SOCAN
83454328;OASIS;;SOCAN
85070246;OASIS;;SOCAN
89192765;OASIS FEAT SIA;;SOCAN
204067675;OBLIVION;;SOCAN
37085194;O C;;SOCAN
80230033;OFFICIAL 2014 FIFA WORLD CUP SONG;;SOCAN
80230033;OFFICIAL 2014 FIFA WORLD CUP SONG OLODUM MI;;SOCAN
210478391;OH BODY;;SOCAN
212648528;OH BODY;;SOCAN
211043614;OH BOY;;SOCAN
82865141;ONE CANDLE;;SOCAN
82891873;ONE CANDLE;;SOCAN
84168846;ONE MILLION BULLETS;;SOCAN
216406260;ONE + ONE (FEAT. AMIR);;SOCAN
80888026;OPPORTUNITY;;SOCAN
80888026;OPPORTUNITY FILM VERSION;;SOCAN
80888026;OPPORTUNITY SIA VERSION;;SOCAN
78854676;OPULENCE;;SOCAN
89194051;OPULENCE;;SOCAN
91347252;OPULENCE;;SOCAN
210350761;OPULENCE (CORY ENEMY REMIX);;SOCAN
207140216;ORIGINAL;;SOCAN
208218181;ORIGINAL;;SOCAN
208957305;ORIGINAL;;SOCAN
29995985;OTHER;;SOCAN
205329981;OUT THERE;;SOCAN
218300494;OUT THERE;;SOCAN
36515445;PAGEANT OF THE BIZARRE;;SOCAN
80092983;PAPARAZZI TV;;SOCAN
79657063;PAPER TIGER;;SOCAN
200111805;PASSENGER;;SOCAN
78749783;PASSENGER;;SOCAN
78749783;PASSENGERS;;SOCAN
201097383;PERFECT;;SOCAN
82600470;PERFECT;;SOCAN
215274257;PERFECT HARMONY;;SOCAN
77977861;PERFUME;;SOCAN
93115442;PERFUME;;SOCAN
79351873;PERFUME THE DREAMING MIX;;SOCAN
93115443;PERFUME THE DREAMING MIX;;SOCAN
90848783;PETS FACTOR;;SOCAN
221406448;(PHOTEK REMIX);;SOCAN
35433626;PICTURES;;SOCAN
221487086;PIN DROP;;SOCAN
73870001;PISS AND RUBBER;;SOCAN
225589493;PITCH PERFECT FRANCHISE MEDLEY;;SOCAN
209389199;PLAYGROUND;;SOCAN
34578019;PLAYGROUND;;SOCAN
74171420;PLAYGROUND;;SOCAN
79608608;PLAYGROUND;;SOCAN
90849057;POP GAME;;SOCAN
94428346;POP PROFILES;;SOCAN
224669885;POP ROCK;;SOCAN
215120934;POWER LUNCH;;SOCAN
215274602;POWER LUNCH;;SOCAN
212383765;PRETTY HURTS;;SOCAN
78347920;PRETTY HURTS;;SOCAN
86824947;PRISONER;;SOCAN
92651094;PRIVATE GIRL;;SOCAN
35541949;PRIVATE PRACTICE;;SOCAN
225654218;PULLS YOU UNDER;;SOCAN
227401754;PUPPET STRINGS;;SOCAN
89973489;PUPPIES ARE FOREVER;;SOCAN
26358493;PURE GARAGE 4;;SOCAN
76111673;PUSH ME;;SOCAN
88909790;QUIT;;SOCAN
88909790;QUIT FEATURING ARIANA GRANDE;;SOCAN
88909790;QUIT YOU;;SOCAN
84303119;RACING EXTINCTION;;SOCAN
219012804;RACING WIVES;;SOCAN
74838143;RADIO ACTIVE;;SOCAN
74844590;RADIO ACTIVE;;SOCAN
89974157;RAINBOW;;SOCAN
215175967;REAL WORLD ROAD RULES CHALLENGE;;SOCAN
200514791;REAPER;;SOCAN
85259684;REAPER;;SOCAN
35433624;RED HANDED;;SOCAN
213888461;REGULAR HEROES;;SOCAN
225447936;REWRITE;;SOCAN
30267108;REWRITE;;SOCAN
210011325;RIDING ON MY BIKE;;SOCAN
76428447;RISE UP;;SOCAN
76793580;RISE UP;;SOCAN
83378505;RISE UP;;SOCAN
224664628;ROCK BOTTOM;;SOCAN
37482199;ROOM RAIDERS;;SOCAN
76939102;ROUND YOUR LITTLE FINGER;;SOCAN
200189279;SALTED WOUND;;SOCAN
80652718;SALTED WOUND;;SOCAN
200189279;SALTED WOUNDS;;SOCAN
89973223;SANTA S COMING FOR US;;SOCAN
221487087;SANTA VISITS EVERYONE;;SOCAN
84025716;SATURDAY TODAY;;SOCAN
207227077;SAVED MY LIFE;;SOCAN
207491299;SAVED MY LIFE;;SOCAN
207227077;SAVE MY LIFE;;SOCAN
73869938;SECRETS;;SOCAN
89906864;SET YOU ON A CLOUD;;SOCAN
205329981;SEVEN WORLDS ONE PLANET - OUT THERE;;SOCAN
79833982;SEXERCIZE;;SOCAN
215162351;SHEPARD SMITH REPORTING;;SOCAN
74700468;SHE S PRETTY SHE LIES;;SOCAN
218759336;SHE'S PRETTY, SHE LIES;;SOCAN
221406297;SHE'S PRETTY, SHE LIES;;SOCAN
232588683;SHE'S PRETTY, SHE LIES;;SOCAN
74700468;SHE'S PRETTY, SHE LIES;;SOCAN
75004252;SHE WOLF;;SOCAN
75004252;SHE WOLF FALLING TO PIECES;;SOCAN
223180204;SHINE BRIGHT;;SOCAN
75211704;SHINE BRIGHT LIKE A DIAMOND;;SOCAN
75211704;SHINE BRIGHT LIKE A DIAMOND AND LIKE DIAMO;;SOCAN
75211704;SHINE BRIGHT LIKE A DIAMOND TRIBUTE TO RIHANNA;;SOCAN
215121835;SIESTA KEY;;SOCAN
202640727;SING PRAISES UNTO GOD;;SOCAN
90899377;SKELETONS;;SOCAN
85213275;SLEDGEHAMMER;;SOCAN
85213275;SLEDGEHAMMER;;SOCAN
89909432;SLIP INTO YOU;;SOCAN
89973496;SNOWFLAKE;;SOCAN
89973488;SNOWMAN;;SOCAN
89973488;SNOWMAN;;SOCAN
83879674;SOC DE TITANI;;SOCAN
84174269;SOC DE TITANI;;SOCAN
31410230;SOMERSAULT;;SOCAN
38730803;SOON WE LL BE FOUND;;SOCAN
73872134;SOON WE LL BE FOUND;;SOCAN
38730803;SOON WE'LL BE FOUND;;SOCAN
228902559;SO YOU THINK YOU CAN DANCE;;SOCAN
90040282;SO YOU THINK YOU CAN DANCE;;SOCAN
93363108;SO YOU THINK YOU CAN DANCE;;SOCAN
93438567;SO YOU THINK YOU CAN DANCE INTERNATIONAL;;SOCAN
83953211;SPACE BETWEEN;;SOCAN
30952992;SPEED DIAL;;SOCAN
30952992;SPEED DIAL NO 2;;SOCAN
208138395;SPEED DIAL NO.2;;SOCAN
215122026;SQUAWK ON THE STREET;;SOCAN
215122716;SQUAWK ON THE STREET;;SOCAN
215123573;SQUAWK ON THE STREET;;SOCAN
78579072;STANDING ON THE SUN;;SOCAN
207385214;STANDING ON THE SUN (REMIX);;SOCAN
88429469;STAND UP TO CANCER;;SOCAN
83999340;STAR SPANGLED LOVE;;SOCAN
33311836;STOP TRYING;;SOCAN
73872099;STOP TRYING;;SOCAN
89421004;STORY OF DIANA;;SOCAN
79834325;STRAIGHT FOR THE KNIFE;;SOCAN
75177856;STRAIGHT JACKET;;SOCAN
77042357;STRANGE BIRDS;;SOCAN
74136932;STRANGER MAN;;SOCAN
49159606;STRONGER THAN EVER;;SOCAN
85594679;SUFFERING;;SOCAN
224658387;SUITCASE;;SOCAN
86222945;SUITCASE;;SOCAN
36594762;SUMMERLAND;;SOCAN
79657125;SUMMER RAIN;;SOCAN
31107408;SUNDAY;;SOCAN
31107408;SUNDAY INSTRUMENTAL;;SOCAN
89973498;SUNSHINE;;SOCAN
88230885;SURE OF MYSELF;;SOCAN
90761680;SWEAT AND TEARS;;SOCAN
86700166;SWEET DESIGN;;SOCAN
86700166;SWEET DESIGN;;SOCAN
219443054;SWEET ONE;;SOCAN
89900591;SWEET ONE;;SOCAN
30267491;SWEET POTATO;;SOCAN
82620310;TAKE U THERE ZEDS DEAD REMIX;;SOCAN
78974071;TEARS FALL;;SOCAN
84041411;TELEPATHY;;SOCAN
72555330;TELL ME;;SOCAN
200011060;TEXT ME BACK;;SOCAN
27314533;THANK YOU;;SOCAN
73869983;THANK YOU;;SOCAN
202089302;THAT'S LIFE;;SOCAN
203778326;THAT'S LIFE;;SOCAN
203779742;THAT'S LIFE;;SOCAN
207175050;THE AUDIO;;SOCAN
221551289;THE AUDIO;;SOCAN
225440299;THE CHURCH OF WHAT'S HAPPENING NOW;;SOCAN
203762772;THE GAME;;SOCAN
219856731;THE GREATEST;;SOCAN
86126139;THE GREATEST;;SOCAN
202092263;THE GREATEST (FEAT. KENDRICK LAMAR);;SOCAN
36515445;THE PAGEANT OF THE BIZARRE;;SOCAN
34967923;THIS FINE SOCIAL SCENE;;SOCAN
34967932;THISTLES;;SOCAN
225680153;THROW DOWN THE ROSES;;SOCAN
208138408;THROW IT ALL AWAY;;SOCAN
208945040;THROW IT ALL AWAY;;SOCAN
35275596;THROW IT ALL AWAY;;SOCAN
92926154;THUNDERCLOUDS;;SOCAN
201097743;TIDE;;SOCAN
82600500;TIDE;;SOCAN
225670279;TIME WAVE ZERO;;SOCAN
209644835;TITANIUM;;SOCAN
72990953;TITANIUM;;SOCAN
209644835;TITANIUM (FEAT. SIA) [EXTENDED];;SOCAN
212703996;TITANS;;SOCAN
218803324;TITANS;;SOCAN
220070576;TITANS;;SOCAN
220155503;TITANS;;SOCAN
221695574;TITANS;;SOCAN
87930991;TODAY ALL NIGHT;;SOCAN
82044071;TODAY SHOW;;SOCAN
87931571;TODAY SHOW;;SOCAN
207491298;TOGETHER;;SOCAN
224662569;TOGETHER;;SOCAN
224662569;TOGETHER;;SOCAN
215285305;TONIGHT SHOW STARRING JIMMY FALLON;;SOCAN
215287127;TONIGHT SHOW STARRING JIMMY FALLON;;SOCAN
73870005;TOWN BIKE;;SOCAN
87559952;TOY BOX;;SOCAN
87820958;TOY BOX;;SOCAN
88097528;TOY BOX;;SOCAN
90200726;TOY BOX;;SOCAN
91737361;TOY BOX;;SOCAN
73869902;TRIPOUTRO;;SOCAN
73869916;TRIPPY;;SOCAN
84506119;TRY EVERYTHING;;SOCAN
70114273;TWILIGHT SAGA ECLIPSE;;SOCAN
89973499;UNDERNEATH THE CHRISTMAS LIGHTS;;SOCAN
89973500;UNDERNEATH THE MISTLETOE;;SOCAN
88621856;UNFORGETTABLE;;SOCAN
77652062;UNITE;;SOCAN
83953212;UNSTOPPABLE;;SOCAN
83953212;UNSTOPPABLE;;SOCAN
232875662;UNSTOPPABLE (WINNER);;SOCAN
33382518;UNTANGLE;;SOCAN
73871781;UNTANGLE YOU;;SOCAN
75429387;UNTIL YOU LEARN TO LOVE YOURSELF;;SOCAN
216965716;UTOPIA;;SOCAN
73872056;UTOPIA;;SOCAN
88043273;VICTORY;;SOCAN
213586893;VOICE;;SOCAN
213595610;VOICE;;SOCAN
200041358;VOLCANO;;SOCAN
88014822;VOODOO;;SOCAN
88043274;VOODOO;;SOCAN
94330174;VOX LUX;;SOCAN
94330183;VOX LUX;;SOCAN
27049053;WAITING FOR YOU;;SOCAN
74654743;WAITING FOR YOU;;SOCAN
35883118;WAITING TO DIE;;SOCAN
36560237;WAITING TO DIE;;SOCAN
75957149;WAR GAMES;;SOCAN
70266040;WARREN MILLER S OFF THE GRID;;SOCAN
87820758;WATERFALL;;SOCAN
91347478;WATERFALL;;SOCAN
215099319;WATTERS WORLD;;SOCAN
215179066;WATTERS WORLD;;SOCAN
200023694;WAVING GOODBYE;;SOCAN
205941615;WAVING GOODBYE;;SOCAN
88895353;WAVING GOODBYE;;SOCAN
78231317;WAY TOO EARLY;;SOCAN
80909374;WAY TOO EARLY;;SOCAN
80230033;WE ARE ONE OLE OLA;;SOCAN
231987194;WE CAN DO ANYTHING;;SOCAN
200056363;WELCOME TO THE WONDERFUL WORLD OF;;SOCAN
200617197;WELCOME TO THE WONDERFUL WORLD OF;;SOCAN
200056363;WELCOME TO THE WONDERFUL WORLD OF LSD;;SOCAN
92217049;WE UNRAVEL;;SOCAN
30343557;WHERE I BELONG;;SOCAN
34658468;WHERE I BELONG;;SOCAN
211029035;WHISPERER;;SOCAN
232559610;WHISPERER;;SOCAN
83340767;WHISPERER;;SOCAN
211029035;WHISPERER FEAT. SIA;;SOCAN
80920258;WHO AM I;;SOCAN
73869911;WHY DENY;;SOCAN
73434870;WILD ONES;;SOCAN
73434870;WILD ONES FEAT SIA;;SOCAN
73434870;WILD ONES FLO RIDA FEAT SIA DELU;;SOCAN
73434870;WILD ONES FT SIA;;SOCAN
73434870;WILD ONES TWO;;SOCAN
225825898;WILD ONE TOO;;SOCAN
92997823;WILD ONE TOO;;SOCAN
225825898;WILD ONE TWO;;SOCAN
73434870;WILD ONE TWO;;SOCAN
73434870;WILD ONE TWO FEAT DAVID GUETTA;;SOCAN
73434870;WILD ONE TWO FEAT DAVID GUETTA NICKY ROMERO AND;;SOCAN
90386320;WLS WINDY CITY LIVE;;SOCAN
223913849;WOLVES;;SOCAN
86478793;WOLVES;;SOCAN
93692050;WONDERFUL;;SOCAN
200818022;WORLD CHAMPIONSHIP FINALE 2;;SOCAN
221865177;WORLD CHAMPIONSHIP FINALE 2;;SOCAN
222030531;WORLD CHAMPIONSHIP FINALE 2;;SOCAN
223239085;WORLD CHAMPIONSHIP FINALE 2;;SOCAN
234091174;WORLD CHAMPIONSHIP FINALE 2;;SOCAN
85368628;WORLD CHAMPIONSHIP FINALE 2;;SOCAN
215150170;WORLD LONG DRIVE CHAMPIONSHIP;;SOCAN
213883533;WORLD OF DANCE;;SOCAN
89614154;WORLD OF DANCE;;SOCAN
215082628;WORLDWIDE EXCHANGE;;SOCAN
215086562;WORLDWIDE EXCHANGE;;SOCAN
215088337;WORLDWIDE EXCHANGE;;SOCAN
215088537;WORLDWIDE EXCHANGE;;SOCAN
215090377;WORLDWIDE EXCHANGE;;SOCAN
215090480;WORLDWIDE EXCHANGE;;SOCAN
215132445;WORLDWIDE EXCHANGE;;SOCAN
215132799;WORLDWIDE EXCHANGE;;SOCAN
215140492;WORLDWIDE EXCHANGE;;SOCAN
215197388;WORLDWIDE EXCHANGE;;SOCAN
215197397;WORLDWIDE EXCHANGE;;SOCAN
215197772;WORLDWIDE EXCHANGE;;SOCAN
215198957;WORLDWIDE EXCHANGE;;SOCAN
76111675;WRAPPED AROUND YOUR FINGER;;SOCAN
90927773;WRAPPED UP;;SOCAN
92069161;WRINKLE IN TIME;;SOCAN
94085375;WTVR NEWS AT 05 00 A M F;;SOCAN
213862901;X FACTOR;;SOCAN
213864028;X FACTOR;;SOCAN
94544967;X FACTOR;;SOCAN
73869998;YOU ARE A LIAR;;SOCAN
212279127;YOU HAVE BEEN LOVED;;SOCAN
29488821;YOU HAVE BEEN LOVED;;SOCAN
49020105;YOU LOST ME;;SOCAN
224665757;YOUR BODY TALK;;SOCAN
90898920;YOUR BODY TALK;;SOCAN
75957148;YOU RE MINE;;SOCAN
77876019;YOU RE MINE;;SOCAN
224672323;YOU'RE MINE;;SOCAN
75957148;YOU'RE MINE;;SOCAN
35275597;YOU RE MY FLAME;;SOCAN
80595418;YOU RE NEVER FULLY DRESSED 2014 FILM VERSION;;SOCAN
80595418;YOU RE NEVER FULLY DRESSED WITHOUT A SMILE 2014;;SOCAN
80730041;YOU RE NEVER FULLY DRESSED WITHOUT A SMILE 2014;;SOCAN
80595418;YOU RE NEVER FULLY DRESSED WITHOUT A SMILE (2014 F;;SOCAN
80730041;YOU'RE NEVER FULLY DRESSED WITHOUT A SMILE (2014 F;;SOCAN
45746730;YOU VE CHANGED;;SOCAN
201007657;YOU'VE CHANGED;;SOCAN
45746730;YOU VE CHANGED DEAN COLEMAN VILLAGE VOCAL;;SOCAN
28630594;ZERO 7 PHOTEK REMIX;;SOCAN
28630594;ZERO SEVEN PHOTEK REMIX;;SOCAN
84551594;ZOOTOPIA;;SOCAN
80023637;ZVYSKY;;SOCAN